country_code_3,carbon_leakage_risk_score,leakage_index,carbon_intensity,Electricity_Access_Pct,PM25_Exposure_Micrograms,CO2_Per_Capita_Tonnes,EPI_Master_Score,Biodiversity_Habitat_Score,Public_Environmental_Priority_Avg,Trust_In_Government_Avg,score_distributional,score_spatial,score_institutional,score_scale,overall_contradiction_score,country_name,year,transition_capacity_score,v2x_partipdem,v2x_delibdem,v2x_cspart,v2xeg_eqaccess,v2x_libdem,stress_absorption_gap,stress_capacity_quadrant
AFG,2.027031470861436,,0.4219356859792352,85.3,46.09,0.25,31.0,31.7,,2.667892307692308,0.1505391069217616,0.1503301266345136,0.0189300130231717,0.1449377648258243,0.1161842528513177,Afghanistan,2025.0,0.03313197309345976,0.06489668000101918,0.013772579417260707,0.043678160919540236,0.0112313451971896,0.020295495169355388,0.08305227975785794,Low Stress / Low Capacity
AGO,-7.990419278214671,-30.654150907795007,0.260663533048074,51.1,25.15,0.59,40.1,41.5,,2.667892307692308,0.5038128825576778,0.2906726330178216,0.1422003957124996,0.1167618195899776,0.2633619327194941,Angola,2025.0,0.2636546546986475,0.13114378169032026,0.19948323990126188,0.44214559386973185,0.4327914252012924,0.18433377831074507,-0.0002927219791534208,High Stress / Low Capacity
ALB,5.628672780510081,20.649255322643352,0.272584782964926,100.0,15.71,1.59,52.2,50.3,,2.667892307692308,0.0373605046094128,0.2999746387090672,0.0253902151138147,0.2773230423044506,0.1600121001841863,Albania,2025.0,0.3573778634680622,0.00029301602670267783,0.2721526287863058,0.6076628352490422,0.6861377506538797,0.43208815077946466,-0.19736576328387592,Low Stress / Low Capacity
AND,2.027031470861436,,0.4219356859792352,100.0,9.08,5.18,,47.477777777777774,1.343,2.558,0.1244541484716157,0.4173787887905958,0.0771356844703687,0.1449377648258243,0.1909765966396011,,,,,,,,,,No data
ARE,-4.882049277096853,-11.126672055979911,0.438769944196661,100.0,36.31,20.13,51.6,59.0,,2.667892307692308,0.4871421639980591,0.0639620354370311,0.1039501492999421,0.0499912755734346,0.1762614060771167,United Arab Emirates,2025.0,0.13472952421080744,0.039417025505134144,0.09451634484508731,0.2786717752234994,0.21637007026001334,0.08704210693033465,0.04153188186630927,Low Stress / Low Capacity
ARG,-0.9383669962521828,-2.9887881714216493,0.313962362814705,100.0,14.91,3.74,47.0,34.7,1.579,2.921,0.0895196506550218,0.5020654407276539,0.0786403636511747,0.1721135430056912,0.2105847495098853,Argentina,2025.0,0.37015602453304897,0.5464621499732463,0.00040371882713913297,0.7220945083014049,0.0007384994102261655,0.5927325384075842,-0.15957127502316368,High Stress / Low Capacity
ARM,7.080163994251093,15.41499137483272,0.459303792139029,100.0,30.58,2.5,44.9,47.6,1.521,2.897,0.0594371664240659,0.1478606246614912,0.164601046638425,0.1850852349880555,0.1392460181780094,Armenia,2025.0,0.40705354589188797,0.40632405024587864,0.433640159641959,0.6699872286079183,0.0007897840914918713,0.41964386723080754,-0.26780752771387856,Low Stress / Low Capacity
ASM,2.027031470861436,,0.4219356859792352,87.99670833333333,6.72,4.587298578199053,,47.477777777777774,,2.667892307692308,0.0168095182048908,0.4467978862725206,0.0189300130231717,0.1449377648258243,0.1568687955816018,,,,,,,,,,No data
ATG,7.350442961423726,35.50857333111378,0.207004739190212,100.0,19.7,7.09,55.6,52.5,,2.667892307692308,0.1707908782144589,0.223142822754666,0.0465775685054821,0.3371797955744283,0.1944227662622588,,,,,,,,,,No data
AUS,-0.5821965814178712,-2.53904633767346,0.229297343959205,100.0,8.25,14.48,63.1,55.2,1.326,2.819,0.3500727802037845,0.3326240768919951,0.0289978178060674,0.2264193133027504,0.2345284970511493,Australia,2025.0,0.8877411381414909,0.8254643667031875,0.8892656931275519,0.9478927203065135,0.8994820247192163,0.8970518360974727,-0.6532126410903416,High Stress / High Capacity
AUT,-0.0506897196038632,-0.3684515969993547,0.137574975971544,100.0,10.93,6.18,68.9,74.3,,2.667892307692308,0.1487142163998058,0.0639942743661826,0.0444975443927674,0.2870440770837542,0.1360625280606275,Austria,2025.0,0.8285851493091873,0.7413815068667668,0.840819433870856,0.9029374201787995,0.8266577773219139,0.8563250899382311,-0.6925226212485598,Low Stress / High Capacity
AZE,-4.8010004491656755,-7.395458179314056,0.649182286311161,100.0,21.73,3.85,40.5,36.7,,2.667892307692308,0.0921882581271227,0.3924186934206792,0.102952797749547,0.0730814180946317,0.1651602918479951,Azerbaijan,2025.0,0.07068638745409178,0.054704818202665165,0.03914919140886335,0.08045977011494254,0.1476485973639674,0.059890942824173586,0.09447390439390332,Low Stress / Low Capacity
BDI,10.076003005195057,39.26231685037919,0.256632919641311,11.6,29.65,0.07,33.5,51.6,,2.667892307692308,0.9339756865906964,0.1101926598406106,0.08011712243535,0.3414559967427593,0.3664353664023541,Burundi,2025.0,0.20802352398261365,0.18082910795729606,0.07606062703301265,0.3205619412515965,0.5312580132314477,0.0,0.15841184241974043,High Stress / Low Capacity
BEL,-0.5210549717811405,-3.2123308169023117,0.162204642510512,100.0,11.22,7.28,66.8,66.2,,2.667892307692308,0.1754002911208151,0.1601329103585828,0.0502856541715954,0.2667330367082861,0.1631379730898198,Belgium,2025.0,0.8957082314013375,0.8063546258312736,0.8938796225805706,0.9673052362707536,0.9497410123596082,0.898183134601896,-0.7325702583115177,Low Stress / High Capacity
BEN,2.496588520009938,6.786874180778825,0.367855429982856,57.0,51.05,0.42,37.8,63.9,,2.667892307692308,0.4455692294120241,0.3080515650925473,0.0131518486385506,0.1826044569435073,0.2373442750216573,Benin,2025.0,0.3973029495167944,0.00028027619945473537,0.35058942948762306,0.6454661558109834,0.8379404072003692,0.36534153901848543,-0.1599586744951371,High Stress / Low Capacity
BES,2.027031470861436,,0.4219356859792352,87.99670833333333,24.339155555555553,4.95,,47.477777777777774,,2.667892307692308,0.0080103570743487,0.2271624393072308,0.0189300130231717,0.1449377648258243,0.0997601435576438,,,,,,,,,,No data
BFA,1.2217138220588213,3.3935170193901696,0.36001405476327,21.7,58.47,0.28,42.2,73.3,,2.667892307692308,0.8221157446302161,0.5163107488888315,0.0288399010017599,0.171540086671815,0.3847016202981556,Burkina Faso,2025.0,0.29630544602491427,0.13241776441511452,0.055297944494428666,0.6495530012771392,0.679983588901995,0.11645586804534246,0.08839617427324131,High Stress / Low Capacity
BGD,1.689749541150638,4.584338926788368,0.368591757314597,99.5,42.38,0.62,28.1,29.1,1.524,1.893,0.008542826456912,0.2285976495671384,0.4335107051601093,0.1722416713024781,0.2107232131216594,Bangladesh,2025.0,0.23925113642311308,0.12604785079114325,0.18333448681569658,0.7108556832694763,0.0004000205138725063,0.13116274860284635,-0.028527923301453678,High Stress / Low Capacity
BGR,3.3647787307713335,6.419993437788246,0.524109372287853,100.0,17.15,4.68,56.2,69.2,,2.667892307692308,0.1123241145075205,0.0492653822677292,0.0024682783162752,0.1011525874312013,0.0663025906306815,Bulgaria,2025.0,0.6431884453078531,0.5056947027798303,0.5466814312409162,0.8763729246487868,0.801015436689061,0.5644500757969998,-0.5768858546771716,Low Stress / High Capacity
BHR,-16.812604889821674,-18.157936375285523,0.925909450410072,100.0,58.5,24.27,35.3,25.8,,2.667892307692308,0.5875788452207665,0.0682906489911364,0.2507623665911064,0.3840636954280022,0.3226738890577529,Bahrain,2025.0,0.101235298839299,0.06871862817540193,0.0,0.2500638569604087,0.15687983999179447,0.070072629363984,0.2214385902184539,High Stress / Low Capacity
BHS,2.8898032579131425,26.994593502096915,0.107051186293606,100.0,18.94,7.65,55.9,46.4,,2.667892307692308,0.1843765162542454,0.3077399221107472,0.0083131194613812,0.3412269137410065,0.210414117891845,,,,,,,,,,No data
BIH,23.52091681751693,24.54540183175529,0.958261632005024,100.0,26.6,6.14,46.0,45.8,,2.667892307692308,0.1477438136826783,0.219641675048788,0.2455643716791562,0.0931865162798721,0.1765340941726236,Bosnia and Herzegovina,2025.0,0.4903330640229563,0.37957041302519934,0.3794264885689897,0.6761174968071519,0.7189599466639315,0.38344231508925947,-0.3137989698503327,Low Stress / High Capacity
BLR,6.1822301263832635,7.073286005576944,0.87402518737527,100.0,14.61,6.16,58.2,70.4,,2.667892307692308,0.148229015041242,0.0661499840954614,0.0322020505373701,0.0705056220711687,0.0792716679363105,Belarus,2025.0,0.16920027416534109,0.06871862817540193,0.03684222668235402,0.11417624521072799,0.7569106108005539,0.04292146525782293,-0.08992860622903058,Low Stress / Low Capacity
BLZ,4.102352422585096,27.675198070338453,0.148232088968566,99.6,28.65,1.91,47.4,57.8,,2.667892307692308,0.0408953965367085,0.046303699309657,0.0066079820546427,0.3318656162034664,0.1064181735261186,,,,,,,,,,No data
BMU,0.4536551355087751,13.39613817064208,0.0338646205145129,100.0,7.34,8.51,,47.477777777777774,,2.667892307692308,0.205240174672489,0.4390691403238793,0.0382912964306436,0.354403337088178,0.2592509871287974,,,,,,,,,,No data
BOL,1.279608430360568,1.7012864450694851,0.752141671421067,99.8,22.88,2.31,45.3,63.5,1.282,2.951,0.0527135886128472,0.0480338551741331,0.1218236330277462,0.0589662964532116,0.0703843433169845,Bolivia,2025.0,0.5498687500047242,0.5273524091013325,0.2744595935128151,0.8630906768837804,0.7805015641827786,0.3981491956467634,-0.47948440668773973,Low Stress / High Capacity
BRA,-0.6570345291674252,-2.7113734258797826,0.242325355443886,99.8,12.18,2.28,53.0,62.3,1.385,3.304,0.0519857865750015,0.1961953765077071,0.284962487860438,0.2178163979220315,0.1877400122162945,Brazil,2025.0,0.7880118440410283,0.6725864397278772,0.8154428218792533,0.8835249042145594,0.7989640494384328,0.7963662692037922,-0.6002718318247338,High Stress / High Capacity
BRB,2.762897686880003,23.628750872295885,0.116929485685146,100.0,23.73,4.83,53.1,12.2,,2.667892307692308,0.1159631246967491,0.6692113928077099,0.009874764105165,0.3338405107210105,0.2822224480826586,Barbados,2025.0,0.7458988351952858,0.4419955665401177,0.8212102336955267,0.915197956577267,0.878968152212934,0.7680838065932077,-0.46367638711262715,High Stress / High Capacity
BRN,-17.490640266328203,-25.544626988881248,0.684709166978297,100.0,7.6,26.05,48.3,47.3,,2.667892307692308,0.6307617661329451,0.4380174348128852,0.2591059744043587,0.2501830887709768,0.3945170660302914,,,,,,,,,,No data
BTN,2.027031470861436,,0.4219356859792352,100.0,23.95,2.09,43.3,65.7,,2.667892307692308,0.049490538573508,0.0076019394939776,0.0189300130231717,0.1449377648258243,0.0552400639791204,Bhutan,2025.0,0.5951625242121821,0.4445435319897062,0.5801324197753015,0.7088122605363985,0.7979383558131187,0.516935538611218,-0.5399224602330617,Low Stress / High Capacity
BWA,5.147941417299111,13.045870669267009,0.394603131351474,76.0,18.91,2.96,49.2,85.6,,2.667892307692308,0.183102990912476,0.1746447270007479,0.0194745444908028,0.1994590161350566,0.1441703196347708,Botswana,2025.0,0.3976080032839224,0.4700231864855912,0.000334509885343853,0.8743295019157088,0.7004974614082774,0.0005203973120347535,-0.25343768364915154,Low Stress / Low Capacity
CAF,2.430448482601036,14.973408460177264,0.162317650591378,17.6,34.43,0.07,39.0,71.5,,2.667892307692308,0.8705507394448189,0.1944673699051746,0.0139657391109578,0.3029863163350789,0.3454925411990075,Central African Republic,2025.0,0.2018887933293106,8.917879073559761e-05,0.15103698064456594,0.34406130268199236,0.5199753833529924,0.11532456954091908,0.14360374786969693,High Stress / Low Capacity
CAN,0.0768110789021551,0.2437029392540018,0.315183227322909,100.0,6.57,13.42,61.1,52.9,1.388,2.587,0.3243571081999028,0.3818916084216679,0.085774077094811,0.1838859967979377,0.2439771976285798,Canada,2025.0,0.8283674242702586,0.7502993859403265,0.7808383509816134,0.958109833971903,0.8605056669572799,0.8325678213453402,-0.5843902266416787,High Stress / High Capacity
CEB,0.5504042178810863,1.5633506269084818,0.352067033720713,100.0,15.74,4.587298578199053,,47.477777777777774,,2.667892307692308,0.1100751717175898,0.3343570984390626,0.0371007443922444,0.1679652196370595,0.162374558546489,,,,,,,,,,No data
CHE,-0.3429086164565316,-8.245457189257158,0.0415875807230314,100.0,9.06,3.59,67.8,59.8,,2.667892307692308,0.0858806404657932,0.2658765979762548,0.0480934627702452,0.3400473122977738,0.1849745033775167,Switzerland,2025.0,0.9790818068716787,0.9999999999999999,0.9826977645511799,0.9918263090676884,0.9466639314836658,0.9536167613186416,-0.7941073034941619,Low Stress / High Capacity
CHI,2.027031470861436,,0.4219356859792352,100.0,24.339155555555553,4.587298578199053,,47.477777777777774,,2.667892307692308,0.1100751717175898,0.2271624393072308,0.0189300130231717,0.1449377648258243,0.1252763472184541,,,,,,,,,,No data
CHL,-1.2186602174117105,-4.512407779534013,0.270068725379593,100.0,23.28,3.98,49.6,42.5,1.463,2.817,0.0953420669577874,0.3016682571205046,0.0201064516781128,0.1945463451563682,0.1529157802281932,Chile,2025.0,0.82410217468167,0.7311896450684128,0.8892656931275519,0.7915708812260537,0.8543515052053952,0.8834762540443921,-0.6711863944534768,Low Stress / High Capacity
CHN,-3.7561094136329767,-5.2910340071407855,0.709900826296661,100.0,34.81,8.66,35.4,9.5,1.363,1.559,0.2088791848617175,0.5643424548010213,0.6774318514742584,0.0960262491893929,0.3866699350815975,China,2025.0,0.10764814004023272,0.045786939129105406,0.07375366230650332,0.22349936143039595,0.1763680188727627,0.0440527637622463,0.2790217950413648,High Stress / Low Capacity
CIV,-0.9129121460603566,-3.712802042852574,0.2458822569918,72.4,49.5,0.46,42.9,56.2,,2.667892307692308,0.2818081290204779,0.1939021140140477,0.0551076777625187,0.2125703456064384,0.1858470666008706,Ivory Coast,2025.0,0.41307908094898316,0.3337070349326063,0.27792004060257913,0.7220945083014049,0.5138212216011078,0.2578681810982646,-0.22723201434811255,Low Stress / High Capacity
CMR,1.0695432062765076,4.481092884232503,0.238679097690628,72.0,39.81,0.33,38.6,45.2,,2.667892307692308,0.2891902676608678,0.062358686027218,0.0307124462741473,0.2412129339334399,0.1558685834739182,Cameroon,2025.0,0.2371861262697763,0.11840395444237775,0.11181858029390729,0.47688378033205625,0.4327914252012924,0.1289001515939996,-0.08131754279585812,Low Stress / Low Capacity
COD,-0.478220436525988,-4.664353434151853,0.102526629526938,22.1,26.65,0.05,39.5,52.0,,2.667892307692308,0.8234672304439746,0.1426637092822325,0.0497585510507032,0.3024493958158389,0.3295847216481873,Democratic Republic of the Congo,2025.0,0.25196262624937454,0.00017835758147119525,0.24677601679470318,0.5259259259259259,0.43689419970254884,0.13003145009842296,0.07762209539881276,High Stress / Low Capacity
COG,-13.35717593108119,-16.80026965396772,0.795057234568055,51.3,28.57,1.4,41.6,71.6,,2.667892307692308,0.4820480626309812,0.122649782064839,0.2082413639159487,0.2643854301450244,0.2693311596891983,Republic of the Congo,2025.0,0.29456693130670714,0.23943231329783166,0.18794841626871522,0.5780332056194125,0.3507359351761629,0.13003145009842296,-0.02523577161750884,High Stress / Low Capacity
COK,2.027031470861436,,0.4219356859792352,87.99670833333333,24.339155555555553,5.82,,47.477777777777774,,2.667892307692308,0.0130959020231766,0.2271624393072308,0.0189300130231717,0.1449377648258243,0.1010315297948508,,,,,,,,,,No data
COL,0.9100091719352654,3.47420294949265,0.261933221853996,98.7,14.18,1.75,49.7,55.5,1.309,3.117,0.0275000435963166,0.2550077803282352,0.2051992344614946,0.2255379382720578,0.178311249164526,Colombia,2025.0,0.6307856104321069,0.5948734935154278,0.5282257134288416,0.8038314176245211,0.6338273757628596,0.6278027920447089,-0.4524743612675809,Low Stress / High Capacity
COM,7.792893042352013,21.213785266846216,0.367350425410927,89.8,11.93,0.64,38.2,49.0,,2.667892307692308,0.0935089700703593,0.3631049097739836,0.0520221663540899,0.2480762488604724,0.1891780737647262,Comoros,2025.0,0.29268094389201593,0.00017835758147119525,0.14526956882829262,0.5565772669220945,0.8174265346940869,0.14926352467362036,-0.10350287012728973,High Stress / Low Capacity
CPV,18.069565019429504,62.40065808348216,0.289573308590036,98.6,42.32,1.13,38.0,19.2,,2.667892307692308,0.0114017190284072,0.3512667749894685,0.1784824124904506,0.4203979226296208,0.2403872072844867,Cape Verde,2025.0,0.6721151210810867,0.5834076489922796,0.6331926084850161,0.69757343550447,0.809220985691574,0.7137814783808856,-0.4317279137966,High Stress / High Capacity
CRI,0.5524435224371094,5.029867556134528,0.109832618110061,100.0,14.31,1.71,55.5,63.3,,2.667892307692308,0.0402717127607956,0.1573281235223823,0.037075649599234,0.3108243069433357,0.1363749482064369,Costa Rica,2025.0,0.7377064353252805,0.7719570922618288,0.9077214109396265,0.9019157088122606,0.0008718395815170009,0.9151526121682467,-0.6013314871188435,Low Stress / High Capacity
CSS,-1.2582537086261816,-2.875370786672067,0.437597027297643,99.17,24.86,4.587298578199053,,47.477777777777774,,2.667892307692308,0.1013013873624101,0.2206697386784044,0.0593573005100971,0.0952757370854054,0.1191510409090792,,,,,,,,,,No data
CUB,2.027031470861436,,0.4219356859792352,100.0,21.24,2.23,52.5,42.8,,2.667892307692308,0.0528869480834546,0.3234037431546007,0.0189300130231717,0.1449377648258243,0.1350396172717628,Cuba,2025.0,0.2010295582404422,0.06871862817540193,0.11181858029390729,0.09578544061302684,0.8471716498281964,0.0644161368418671,-0.06598994096867938,Low Stress / Low Capacity
CUW,2.027031470861436,,0.4219356859792352,100.0,24.339155555555553,12.34,,47.477777777777774,,2.667892307692308,0.2981562348374574,0.2271624393072308,0.0189300130231717,0.1449377648258243,0.172296612998421,,,,,,,,,,No data
CYM,2.027031470861436,,0.4219356859792352,100.0,24.339155555555553,4.587298578199053,,47.477777777777774,,2.667892307692308,0.1100751717175898,0.2271624393072308,0.0189300130231717,0.1449377648258243,0.1252763472184541,,,,,,,,,,No data
CYP,5.669960123404599,24.51488874012161,0.231286390222323,100.0,13.51,5.37,53.9,51.2,1.529,2.716,0.1290635613779718,0.316315477265107,0.0513790483906491,0.3021827836501118,0.1997352176709599,Cyprus,2025.0,0.45862256866296414,0.0005478125716615282,0.7070154797333148,0.8446998722860792,0.0008308118365044361,0.751114329026857,-0.2588873509920042,High Stress / High Capacity
CZE,-3.035635824554503,-8.705161535399268,0.348716771332753,100.0,14.11,7.04,65.5,78.9,1.568,2.839,0.1695778748180494,0.0322969592242025,0.0094000841806038,0.1258124626028534,0.0842718452064272,Czechia,2025.0,0.8079013642761127,0.7159018523708818,0.8108288924262347,0.7936143039591316,0.8851223139648188,0.898183134601896,-0.7236295190696855,Low Stress / High Capacity
DEU,-0.8795060072187645,-5.57645795061333,0.157717679395759,100.0,10.29,6.77,74.5,82.4,1.38,2.622,0.1630276564774381,0.027781359881017,0.0790039627408608,0.2649678409959338,0.1336952050238124,Germany,2025.0,0.6649808946964191,0.7553953168395036,0.000842042125175906,1.0000000000000002,0.9548694804861788,0.8846075525488155,-0.5312856896726067,Low Stress / High Capacity
DJI,2.146418640188589,9.225718215663376,0.232655993822184,65.2,35.92,0.48,32.3,17.5,,2.667892307692308,0.3574328642369669,0.4519833389214144,0.0174608865537941,0.2580160285200639,0.2712232795580598,Djibouti,2025.0,0.2925740737511601,0.18082910795729606,0.16372528664036726,0.4482758620689656,0.6451100056413149,0.13342534561169309,-0.02135079419310032,High Stress / Low Capacity
DMA,4.695161212876126,33.82294433273479,0.138815863181137,100.0,20.67,2.58,49.3,27.7,,2.667892307692308,0.0613779718583211,0.5164697942726467,0.0139028286449803,0.3447127585740479,0.234115838337499,,,,,,,,,,No data
DNK,-0.1704931688263084,-2.4218934582078635,0.0703966428616017,100.0,9.07,4.75,67.7,53.1,,2.667892307692308,0.1140223192624939,0.3482642560544707,0.0459717934210957,0.3251816623370664,0.2083600077687816,Denmark,2025.0,0.747645974786722,0.000815348943868321,0.9999999999999998,0.9918263090676884,0.9938458382481153,1.0,-0.5392859670179404,High Stress / High Capacity
DOM,4.188248540694989,12.822426822206252,0.326634622195048,99.6,19.83,2.9,47.7,57.0,,2.667892307692308,0.0649128637856168,0.166103560037483,0.0076649822452263,0.2277272170079587,0.1166021557690712,Dominican Republic,2025.0,0.6862456384699921,0.6050653553137819,0.7462338800839734,0.8406130268199234,0.6307502948869173,0.57123786682354,-0.5696434827009209,Low Stress / High Capacity
DZA,-1.1343472734021192,-1.3580163836705748,0.835297193054548,100.0,25.55,4.23,41.7,33.0,,2.667892307692308,0.101407083939835,0.3903661482646858,0.0578325619243696,0.1377041976431258,0.171827497943004,Algeria,2025.0,0.16613029616435154,0.12095191989196626,0.21101806353380856,0.308301404853129,0.0007077286014667419,0.1424757336470801,0.005697201778652461,Low Stress / Low Capacity
EAR,2.0534595263134623,3.157101465152511,0.650425571993539,95.7,37.42,4.587298578199053,,47.477777777777774,,2.667892307692308,0.0646206262630444,0.0641003046220594,0.0186048008917713,0.0105334729515648,0.0394648011821099,,,,,,,,,,No data
ECU,-1.743175034427675,-3.95424704528334,0.440836147682515,98.7,16.66,2.54,51.3,49.8,1.434,2.913,0.0466654972595869,0.2942898408686457,0.0644994585832506,0.087398552998008,0.1232133374273728,Ecuador,2025.0,0.37869108780512384,0.5885035798914566,0.42210533600941236,0.00044955300127713925,0.40304631006718294,0.4366133447971582,-0.25547775037775106,Low Stress / Low Capacity
EGY,6.79953745882723,11.24222742126703,0.604821198151932,100.0,54.86,2.22,43.7,47.5,,2.667892307692308,0.0526443474041726,0.1535755121691212,0.0397983655094515,0.0958273467505925,0.0854613929583344,Egypt,2025.0,0.1509736476707669,0.09674624812087547,6.920894179527994e-05,0.21634738186462327,0.42663726344940767,0.13003145009842296,-0.06551225471243251,Low Stress / Low Capacity
ERI,2.027031470861436,,0.4219356859792352,54.4,32.35,0.21,29.0,16.6,,2.667892307692308,0.4781479874401576,0.5075697005648259,0.0189300130231717,0.1449377648258243,0.2873963664634948,Eritrea,2025.0,0.07361757014123811,0.010115422834866357,0.028767850139571362,0.03346104725415071,0.37124980768244525,0.010113808629544993,0.21377879632225671,High Stress / Low Capacity
ESP,0.4263594774796112,2.76755833997508,0.154056184226075,100.0,9.58,4.6,64.0,66.9,,2.667892307692308,0.1103833090732653,0.1719560003094935,0.0386271849012032,0.2831962601943825,0.1510406886195861,Spain,2025.0,0.8195805843947386,0.7286416796188243,0.799294068793688,0.9100893997445721,0.8656341350838505,0.8382243138674571,-0.6685398957751525,Low Stress / High Capacity
EST,3.2550590774630104,8.42278958475073,0.38645855327506,100.0,6.15,6.11,75.7,78.8,,2.667892307692308,0.1470160116448325,0.0681616932745295,0.0038184405472305,0.1809684973405485,0.0999911607017852,Estonia,2025.0,0.6977196554176799,0.7910668331337426,0.8742704224052412,0.0006538952745849299,0.9282014462280117,0.9468289702921013,-0.5977284947158947,Low Stress / High Capacity
ETH,2.027031470861436,,0.4219356859792352,55.4,27.31,0.14,36.3,45.8,1.533,2.201,0.4692753676708181,0.2107910143656667,0.2662246675212161,0.1449377648258243,0.2728072035958813,Ethiopia,2025.0,0.3009849353612551,0.16299334981017655,0.22485985189286453,0.6424010217113666,0.5035642853479666,4.525194017693509e-05,-0.028177731765373804,High Stress / Low Capacity
FCS,1.258548456919145,2.2181247595153515,0.567392997855599,58.95,38.15,4.587298578199053,,47.477777777777774,,2.667892307692308,0.3238571750054545,0.0550003295534979,0.0283866300399961,0.0497119620259921,0.1142390241562351,,,,,,,,,,No data
FIN,0.1087153677598691,0.8888203311746383,0.122314222511308,100.0,4.9,5.3,73.8,59.1,,2.667892307692308,0.1273653566229985,0.3263546798029555,0.0425359748663323,0.298004179456941,0.1985650476873068,Finland,2025.0,0.8807658276732516,0.7604912477386806,0.87888435185826,0.9683269476372925,0.9343556079798964,0.9140213136638233,-0.6822007799859449,High Stress / High Capacity
FJI,9.186319707011844,33.60976740501636,0.273322918195523,99.3,12.42,1.56,46.0,17.0,,2.667892307692308,0.029233125404548,0.7510853772814415,0.0691690675472875,0.3206666518690061,0.2925385555255708,Fiji,2025.0,0.5399454073296179,0.33752898310698903,0.46824463053959897,0.8641123882503193,0.654341248269142,0.4501889268502387,-0.24740685180404715,High Stress / High Capacity
FRA,0.3552190582391353,3.5209429433058292,0.100887479280087,100.0,9.6,3.97,67.0,61.5,,2.667892307692308,0.0950994662785056,0.2382091489782407,0.039502607892952,0.3136718670926298,0.171620772560582,France,2025.0,0.7345869402674798,0.7604912477386806,0.9146423051191546,0.8845466155810984,0.9251243653520693,0.0008371608932732992,-0.5629661677068978,Low Stress / High Capacity
FRO,2.027031470861436,,0.4219356859792352,100.0,24.339155555555553,13.09,,47.477777777777774,,2.667892307692308,0.3163512857836001,0.2271624393072308,0.0189300130231717,0.1449377648258243,0.1768453757349567,,,,,,,,,,No data
FSM,0.0136898636024134,22.69713685504996,0.0006031537673602,86.9,12.11,1.33,40.8,4.4,,2.667892307692308,0.1074249143204153,0.9101221640488656,0.0437053173024621,0.3686020045305551,0.3574636000505745,,,,,,,,,,No data
GAB,-13.49001647594984,-43.60943309439685,0.30933712086441,94.1,29.95,2.13,53.3,64.0,,2.667892307692308,0.0119069234028105,0.0462564155469011,0.2098760417609211,0.0203856981767063,0.0721062697218347,Gabon,2025.0,0.33154185997599317,0.0002293168904629653,0.2617712875170138,0.7292464878671775,0.5999794861274937,0.20130325587709572,-0.25943559025415847,Low Stress / Low Capacity
GBR,0.733153358306934,8.324253637383913,0.0880743656121156,100.0,9.91,4.53,72.6,71.5,1.345,3.049,0.1086851043182921,0.1111920666443142,0.167005974751218,0.325877839162709,0.1781902462191333,United Kingdom,2025.0,0.7856980042215719,0.6789563533518485,0.7669965626225573,0.9080459770114943,0.8379404072003692,0.7793967916374415,-0.6075077580024386,Low Stress / High Capacity
GEO,16.353098754816614,30.583718617724525,0.534699490249015,100.0,17.04,3.09,47.3,44.4,,2.667892307692308,0.0737506065016981,0.356055330599472,0.1573603267810033,0.2547367089534851,0.2104757432089146,Georgia,2025.0,0.3252349173884109,0.30058348408795577,0.0002999054144462131,0.5637292464878672,0.6040822606287503,0.3110392108061633,-0.11475917417949633,High Stress / Low Capacity
GHA,-1.9473859392212651,-6.012656359913996,0.323881130510695,89.5,54.24,0.61,36.9,45.0,,2.667892307692308,0.0974080194654989,0.1150585888805785,0.0678374613730632,0.153848375096457,0.1085381112038993,Ghana,2025.0,0.6784638028983496,0.4598313246872372,0.6724110088356747,0.9121328224776502,0.7343453510436433,0.6854990157703011,-0.5699256916944503,Low Stress / High Capacity
GIB,2.027031470861436,,0.4219356859792352,100.0,24.339155555555553,4.587298578199053,,47.477777777777774,,2.667892307692308,0.1100751717175898,0.2271624393072308,0.0189300130231717,0.1449377648258243,0.1252763472184541,,,,,,,,,,No data
GIN,-5.312338553749306,-15.749394138171006,0.337304311971853,51.1,43.77,0.27,36.5,61.0,,2.667892307692308,0.5115761042946987,0.1815868430780871,0.1092451015915672,0.1045257299208995,0.2267334447213131,Guinea,2025.0,0.24672889546915927,7.64389634876551e-05,0.10951161556739795,0.5422733077905492,0.6317759885122314,0.10740548000995544,-0.019995450747846172,High Stress / Low Capacity
GMB,11.6312868872851,49.49113150099557,0.235017598800527,66.9,58.36,0.29,37.6,38.3,,2.667892307692308,0.344071875451991,0.0839050370102907,0.0992557679987899,0.3733401581213706,0.2251432096456105,The Gambia,2025.0,0.4685633319300083,0.5171605473029786,0.5605232195999722,0.0005619412515964241,0.7363967382942715,0.5904699413987374,-0.24342012228439783,High Stress / High Capacity
GNB,2.2266249439720314,11.368643459600753,0.195856695821669,40.5,50.21,0.16,42.0,53.8,,2.667892307692308,0.6262954517245163,0.1731961244508637,0.0164739027383366,0.2807017897030915,0.274166817154202,Guinea-Bissau,2025.0,0.15691472200543893,0.16299334981017655,0.1487300159180566,0.0005415070242656449,0.4184317144468947,0.10740548000995544,0.11725209514876306,High Stress / Low Capacity
GNQ,-5.793368200789682,-11.452494606943924,0.505860810209596,66.9,35.38,3.7,41.7,45.3,,2.667892307692308,0.2613450438168625,0.1163502953085908,0.1151644427653731,0.000783277030412,0.1234107647303096,Equatorial Guinea,2025.0,0.08136733284812465,0.05215685275307666,0.05183749740466467,0.1008939974457216,0.18149648699933332,0.05310315179763332,0.04204343188218494,Low Stress / Low Capacity
GRC,3.4465150340715947,14.680055105492382,0.234775347183957,100.0,14.41,5.31,67.3,62.4,1.472,3.34,0.1276079573022803,0.1671652954375466,0.3545267768134075,0.2727647672640402,0.2305161992043186,Greece,2025.0,0.5488405013993862,0.6279970443600784,0.0006344152997900661,0.7680715197956578,0.9446125442330376,0.6425096726022128,-0.31832430219506763,High Stress / High Capacity
GRD,6.347025855180188,43.12091991253232,0.147191337013558,94.4,24.66,3.22,45.8,21.0,,2.667892307692308,0.0177077979962108,0.5492438896482947,0.0342299549477047,0.3601012705033386,0.2403207282738872,,,,,,,,,,No data
GRL,2.027031470861436,,0.4219356859792352,100.0,6.56,11.08,,47.477777777777774,,2.667892307692308,0.2675885492479378,0.4487924013560409,0.0189300130231717,0.1449377648258243,0.2200621821132436,,,,,,,,,,No data
GTM,3.832158116528382,15.801294537678412,0.242521782464756,100.0,21.64,1.08,32.5,36.0,1.549,3.323,0.0249878699660358,0.4021612978103318,0.3502680952107166,0.2729426223768273,0.2625899713409778,Guatemala,2025.0,0.6259105856242018,0.5362702881748923,0.5432209841511523,0.7772669220945083,0.7456279809220986,0.5916012399031608,-0.363320614283224,High Stress / High Capacity
GUM,2.027031470861436,,0.4219356859792352,100.0,9.58,4.587298578199053,,47.477777777777774,,2.667892307692308,0.1100751717175898,0.4111459291545949,0.0189300130231717,0.1449377648258243,0.1712722196802951,,,,,,,,,,No data
GUY,-7.2036256077583,-52.20265861468759,0.137993462381464,98.9,25.46,5.43,49.0,56.5,,2.667892307692308,0.1188912584769191,0.1020791960040921,0.1325184557375371,0.1987764044165244,0.1380663286587681,Guyana,2025.0,0.4889726938486101,0.3604606721532856,0.28253397005559777,0.784418901660281,0.7712703215549516,0.3709980315406023,-0.350906365189842,Low Stress / High Capacity
HKG,1.481195109716601,14.395241951493135,0.102894770001623,100.0,24.339155555555553,4.49,,47.477777777777774,1.51,2.502,0.1077147016011644,0.2271624393072308,0.1135135257702953,0.3263440347483969,0.1936836753567718,Hong Kong,2025.0,0.15627541768719594,0.06234871455143067,0.06567928576372066,0.00015325670498084296,0.6676752653982255,0.16057650971785414,0.03740825766957587,High Stress / Low Capacity
HND,7.93568754722186,17.98425103223871,0.441257605501407,95.6,20.31,1.19,40.2,50.4,,2.667892307692308,0.01885515046884,0.241400802964262,0.0537793332922815,0.2062539038572732,0.1300722976456642,Honduras,2025.0,0.35045347278198125,0.0003312355084465054,0.412877477103375,0.7701149425287357,0.6204933586337761,0.0003620155214154807,-0.22038117513631705,Low Stress / Low Capacity
HPC,1.1395827590165255,3.7307037246838224,0.305460535897448,50.53,36.16,4.587298578199053,,47.477777777777774,,2.667892307692308,0.4128635175001691,0.0798071109047818,0.029850570065727,0.2026970057088613,0.1813045510448848,,,,,,,,,,No data
HRV,5.822448512635349,21.516073437022865,0.270609250785351,100.0,16.12,4.76,62.3,69.6,,2.667892307692308,0.1142649199417757,0.057178964743507,0.0277747348138183,0.2808724383818912,0.120022764470248,Croatia,2025.0,0.6502758077454409,0.5846816317170739,0.5755184903222829,0.7088122605363985,0.7856300323093492,0.6707921352127972,-0.530253043275193,Low Stress / High Capacity
HTI,2.381176032905062,9.213390897923556,0.258447303418084,51.3,21.35,0.25,36.4,30.0,,2.667892307692308,0.5099471407484,0.4796679820149759,0.0145720644009148,0.2456969549970072,0.3124710355403244,Haiti,2025.0,0.20837203750501343,0.15152750528702827,0.22485985189286453,0.4881226053639847,0.00020513872506282375,0.11079937552322557,0.10409899803531097,High Stress / Low Capacity
HUN,-1.011423520830332,-3.747789583871423,0.269872013408379,100.0,14.14,4.14,59.8,66.9,,2.667892307692308,0.0992236778262979,0.1151123204291644,0.0563199158030468,0.1972125012128136,0.1169671038178306,Hungary,2025.0,0.27881522624941,0.3413509312813718,0.20525065171753523,0.4431673052362708,0.0005846453664290477,0.3562911509830984,-0.16184812243157942,Low Stress / Low Capacity
IBD,-1.0832707949149525,-1.5739832146164212,0.68823529047541,99.09,32.96,4.587298578199053,,47.477777777777774,,2.667892307692308,0.1004557214004651,0.1196974125751881,0.0572040370424163,0.0503603369612518,0.0819293769948303,,,,,,,,,,No data
IBT,-0.7465241731644967,-1.1200885319266762,0.666486756971248,90.31,34.53,4.587298578199053,,47.477777777777774,,2.667892307692308,0.0076438820769979,0.100126233318145,0.0530601798903015,0.0333924148888947,0.0485556775435847,,,,,,,,,,No data
IDA,1.9906829561260284,5.287207951037566,0.376509298397347,67.5,38.84,4.587298578199053,,47.477777777777774,,2.667892307692308,0.2334766253225791,0.0463989832558164,0.0193773020025596,0.1712762333013355,0.1176322859705726,,,,,,,,,,No data
IDB,1.4149449729388557,3.491116121877206,0.405298742162156,77.92,44.34,4.587298578199053,,47.477777777777774,,2.667892307692308,0.1233286337792388,0.0221624727401945,0.0264620826811978,0.1472157013249406,0.0797922226313929,,,,,,,,,,No data
IDN,-1.4584869745291114,-2.223519144646923,0.655936324200486,99.4,17.88,2.87,33.6,30.7,1.323,1.853,0.0620708968429086,0.5143033382336506,0.4934379722025226,0.0359324356791839,0.2764361607395664,Indonesia,2025.0,0.47408285395911093,0.37957041302519934,0.41864488891964835,0.7261813537675607,0.5271552387301913,0.3347964793990542,-0.19764669321954453,High Stress / High Capacity
IDX,2.1924419413402845,6.3082186001807,0.347553260325741,61.92,35.87,4.587298578199053,,47.477777777777774,,2.667892307692308,0.2924618261682452,0.0834221694936625,0.0168945438696418,0.1908329753878023,0.1459028787298379,,,,,,,,,,No data
IMN,2.027031470861436,,0.4219356859792352,100.0,24.339155555555553,4.587298578199053,,47.477777777777774,,2.667892307692308,0.1100751717175898,0.2271624393072308,0.0189300130231717,0.1449377648258243,0.1252763472184541,,,,,,,,,,No data
IND,6.385221988460116,7.041172946917669,0.906840669388088,99.5,48.39,2.2,27.6,11.2,1.457,2.174,0.0468737337834525,0.3741220264961011,0.226895522040077,0.0873574052444087,0.1838121718910098,India,2025.0,0.3734096233598151,0.31332331133589825,0.2986827231411631,0.7088122605363985,0.5240781578542489,0.00022625970088467541,-0.1895974514688053,Low Stress / Low Capacity
IRL,-1.0899654350997952,-17.059888387869783,0.063890537283632,100.0,8.17,6.34,65.8,62.5,,2.667892307692308,0.1525958272683163,0.2437198566012429,0.0572864183665899,0.317703375151719,0.192826369346967,Ireland,2025.0,0.8968703540896538,0.7885188676841541,0.9273306111149558,0.9744572158365262,0.8902507820913893,0.9298594927257506,-0.7040439847426867,High Stress / High Capacity
IRN,-15.322129659438936,-9.874427737156724,1.5516979887131,100.0,32.29,8.66,41.8,42.8,1.395,2.589,0.2088791848617175,0.1856575451989786,0.2742074079697039,0.7347199810102679,0.350866029760167,Iran,2025.0,0.1450207180507445,0.05343083547787091,0.1083581332041433,0.157088122605364,0.37124980768244525,0.11645586804534246,0.2058453117094225,High Stress / Low Capacity
IRQ,-6.021930064403291,-4.856221902233667,1.24004425366836,100.0,38.18,5.07,30.3,20.0,1.597,3.274,0.1217855409995147,0.3930226360267884,0.2030545912508863,0.4365085496768194,0.2885928294885022,Iraq,2025.0,0.2608587554627145,0.2852956913904247,0.0002422312962834798,0.7118773946360153,0.31381096466485464,0.00018100776070774035,0.027734074025787703,High Stress / Low Capacity
ISL,1.2333929941719823,8.585651274311585,0.143657476266514,100.0,5.11,9.67,64.3,54.8,,2.667892307692308,0.2333818534691896,0.3766925437804658,0.0286961822002458,0.2992588811920187,0.2345073651604799,Iceland,2025.0,0.7060631956083927,0.7197238005452645,0.8108288924262347,0.8927203065134101,0.96512641673932,0.0007466570129194289,-0.4715558304479128,High Stress / High Capacity
ISR,0.7483022917930878,5.416189397205019,0.138160288888576,100.0,18.6,5.61,48.0,29.6,,2.667892307692308,0.1348859776807375,0.5188748183873657,0.0346654969509867,0.2965309936299166,0.2462393216622516,Israel,2025.0,0.670963879190497,0.5795857008178968,0.5893602786813389,0.8201787994891443,0.7661418534283809,0.6651356426906804,-0.42472455752824545,High Stress / High Capacity
ITA,-0.3664105639438355,-2.4901649444509992,0.147143089762119,100.0,14.66,5.09,60.3,58.5,,2.667892307692308,0.1222707423580785,0.2120784222697924,0.0483826674924119,0.2775170971485158,0.1650622323171996,Italy,2025.0,0.6106295416616181,0.7248197314444416,0.0006344152997900661,0.9008939974457216,0.9343556079798964,0.7262257619295427,-0.44556730934441846,Low Stress / High Capacity
JAM,12.687808765855364,27.19980718958519,0.466466864173711,97.7,17.41,2.96,48.5,38.2,,2.667892307692308,0.0462839012651138,0.4277976942717869,0.1122568657384535,0.2498667480823776,0.2090513023394329,Jamaica,2025.0,0.7779962070982603,0.6674905088287002,0.8004475511569427,0.7936143039591316,0.913841735473614,0.7680838065932077,-0.5689449047588274,High Stress / High Capacity
JOR,13.291622209930097,25.54716978023958,0.520277679455945,100.0,28.77,2.01,47.3,32.8,1.488,2.811,0.0475497331392528,0.3526895863960316,0.1954856966426786,0.2255673616517607,0.2053230944574309,Jordan,2025.0,0.3528006010908973,0.16808928070935356,0.3090640644104551,0.6597701149425288,0.3671470331811888,0.3099079123017399,-0.14747750663346637,High Stress / Low Capacity
JPN,0.1913052075918732,0.9062863724956812,0.211086929471385,100.0,12.84,7.77,61.4,47.4,1.627,2.609,0.1872877244056283,0.3714655387339987,0.0727126198779446,0.2466754953649297,0.2195353445956253,Japan,2025.0,0.7830052672922185,0.6700384742782888,0.840819433870856,0.69757343550447,0.9415354633570953,0.8303052243364935,-0.5634699226965932,High Stress / High Capacity
KAZ,-8.56577117733789,-8.092060780389538,1.05854014321004,100.0,20.03,13.94,47.8,50.2,1.543,2.113,0.3369723435225618,0.2473542585476146,0.4431852493984962,0.3607876992378386,0.3470748876766277,Kazakhstan,2025.0,0.25527809627844317,0.13623971258949727,0.21332502826031788,0.42681992337164754,0.4020206164418688,0.148132226169197,0.09179679139818453,High Stress / Low Capacity
KEN,1.962322506360945,9.518975531598532,0.206148497792326,76.2,24.39,0.38,36.9,43.8,1.535,2.573,0.2435798012623441,0.2718214565118337,0.0699870495290784,0.2713808181321268,0.2141922813588457,Kenya,2025.0,0.4600110182664935,0.4267077738425867,0.5236117839758229,0.7333333333333334,0.00060515923893533,0.5044912550625608,-0.2458187369076478,High Stress / High Capacity
KGZ,51.29474757203559,47.97960531245391,1.06909482139323,100.0,24.38,1.64,42.8,37.0,1.351,2.529,0.0385735080058223,0.3556899560690859,0.5137711864406779,0.3696061671092417,0.3194102044062069,Kyrgyzstan,2025.0,0.2902381181797212,0.20758274517797534,0.16833921609338592,0.3818646232439336,0.5979280988768655,0.20130325587709572,0.02917208622648565,High Stress / Low Capacity
KHM,2.219940066719808,4.396728407917951,0.50490725393044,95.0,24.14,1.24,31.2,56.9,,2.667892307692308,0.0239846417870182,0.1136078370687504,0.0165561639241167,0.0983872681184399,0.0631339777245812,Cambodia,2025.0,0.13903896835330945,0.0,0.0910558977553233,0.2735632183908046,0.3527873224267911,0.05762834581532683,-0.07590499062872826,Low Stress / Low Capacity
KIR,29.312447533518306,101.01910844404108,0.290167355315314,95.9,11.26,0.54,44.3,30.5,,2.667892307692308,0.0314529472648695,0.5992894540014958,0.3168324243605562,0.5583976536971536,0.3764931198310187,,,,,,,,,,No data
KNA,4.2005037791733395,31.593311204011098,0.132955477570836,100.0,8.59,5.54,,47.477777777777774,,2.667892307692308,0.1331877729257642,0.4234869912338769,0.0078157898683448,0.3420813075274895,0.2266429653888688,,,,,,,,,,No data
KOR,2.027031470861436,,0.4219356859792352,100.0,25.94,11.29,50.6,32.8,1.427,2.523,0.2726831635128577,0.3879675719357972,0.0956738200635889,0.1449377648258243,0.225315580084517,South Korea,2025.0,0.818423933998527,0.7018880423981451,0.8661960458624586,0.8212005108556834,0.9117903482229858,0.8359617168586103,-0.59310835391401,High Stress / High Capacity
KWT,-24.09807592486792,-24.29673754709193,0.991823526848452,100.0,53.72,26.25,44.4,50.5,,2.667892307692308,0.6356137797185831,0.1763104050069207,0.340414197686457,0.5125818894090087,0.4162300679552424,Kuwait,2025.0,0.22681228463103253,0.06744464545060769,0.20294368699102588,0.48301404853129,0.273808913277604,0.1436070321515035,0.1894177833242099,High Stress / Low Capacity
LAO,-5.400632836451245,-4.381039386728475,1.23272866544214,96.5,22.32,3.14,26.3,50.6,,2.667892307692308,0.0379657240630125,0.2138816530403458,0.1103316125503509,0.4245494860175357,0.1966821189178112,Laos,2025.0,0.14492596095237334,0.15025352256223404,0.0,0.23371647509578547,0.4040720036924971,5.656492522116887e-05,0.051756157965437866,High Stress / Low Capacity
LBN,2.027031470861436,,0.4219356859792352,100.0,19.23,2.7,39.9,23.6,1.628,3.09,0.064289180009704,0.584913040861768,0.2046439765465804,0.1449377648258243,0.2496959905609691,Lebanon,2025.0,0.344657991667284,0.28274772594083625,0.000334509885343853,0.828352490421456,0.4194574080722088,0.3019888227707763,-0.09496200110631489,High Stress / Low Capacity
LBR,1.7750618805725102,7.6421052631578945,0.23227393754048,32.5,42.36,0.15,34.3,25.7,,2.667892307692308,0.7111046485983015,0.2707188851348447,0.0220306409772301,0.253671554323399,0.3143814322584438,Liberia,2025.0,0.6255414461771573,0.40887201569546716,0.5593697372367176,0.9182630906768838,0.8605056669572799,0.47168359843428287,-0.31116001391871356,High Stress / High Capacity
LBY,-25.50245345111535,-22.651893008490543,1.12584204073171,73.2,32.97,8.84,,47.477777777777774,1.521,2.936,0.0700521001627938,0.1195727553824682,0.2156896624497014,0.6088878235146279,0.2535505853773978,Libya,2025.0,0.305826097341829,0.11076005809361224,0.30098968786767244,0.6444444444444445,0.38253243756090055,0.11079937552322557,-0.0522755119644312,High Stress / Low Capacity
LCA,4.936587625441118,34.20864892981739,0.14430817292928,100.0,23.76,2.99,51.1,30.0,,2.667892307692308,0.0713245997088791,0.4496255985694511,0.0168737168493415,0.3444450956936296,0.2205672527053253,,,,,,,,,,No data
LIE,2.027031470861436,,0.4219356859792352,100.0,24.339155555555553,3.3,,47.477777777777774,,2.667892307692308,0.0788452207666181,0.2271624393072308,0.0189300130231717,0.1449377648258243,0.1174688594807112,,,,,,,,,,No data
LKA,1.5599295961006956,6.133593991280843,0.254325538716485,100.0,19.96,0.9,38.8,32.9,,2.667892307692308,0.0206210577389616,0.4612810460887731,0.0246779651018949,0.238021460838572,0.1861503824420504,Sri Lanka,2025.0,0.5682783805475741,0.0005860320534053558,0.7162433386393521,0.8222222222222223,0.8040925175650033,0.6934181053012648,-0.38212799810552367,Low Stress / High Capacity
LMY,-0.7000188873221843,-1.070025977260675,0.654207376454795,90.49,35.52,4.587298578199053,,47.477777777777774,,2.667892307692308,0.0095466304913741,0.087785171238863,0.0524879061126254,0.0255795805974157,0.0438498221100695,,,,,,,,,,No data
LSO,16.41001800326084,37.99181607259553,0.431935603496928,57.3,23.44,1.1,36.9,59.1,,2.667892307692308,0.4259011358635609,0.0952402445000385,0.1580607502434051,0.3160320573524582,0.2488085469898656,Lesotho,2025.0,0.63499688867911,0.51461258185339,0.5559092901469536,0.7578544061302682,0.8594799733319658,0.5791569563545037,-0.3861883416892444,High Stress / High Capacity
LTE,-3.14639552729985,-4.722717024336631,0.666225715215661,99.46,28.24,4.587298578199053,,47.477777777777774,,2.667892307692308,0.1043669264744607,0.1785356075390377,0.08259195076092,0.0627702619825421,0.1070661866892401,,,,,,,,,,No data
LTU,1.3947989963539624,5.930301075078781,0.235198681937988,100.0,9.22,4.39,64.1,74.9,,2.667892307692308,0.1052886948083454,0.0779214917597296,0.0267099902881804,0.2472676238115333,0.1142969501669471,Lithuania,2025.0,0.6269974975462079,0.0006369913623971259,0.7635361155327933,0.848786717752235,0.9692291912405765,0.8054166572391791,-0.5127005473792609,Low Stress / High Capacity
LUX,0.9656414645665649,9.526024076167154,0.101368782699434,100.0,8.67,10.46,75.1,84.8,,2.667892307692308,0.25254730713246,0.037143544906679,0.031991015820781,0.3208996576710192,0.1606453813827348,Luxembourg,2025.0,0.8818597050564301,0.7082579560221163,0.9504002583800492,0.9744572158365262,0.9364069952305246,0.8789510600266986,-0.7212143236736953,Low Stress / High Capacity
LVA,1.5714279604511383,7.054102508613504,0.222767950782162,100.0,11.6,3.45,60.2,68.4,,2.667892307692308,0.0824842309558466,0.1283023409761087,0.0245364712419015,0.2567709475693752,0.123023497685808,Latvia,2025.0,0.8311352691764333,0.7579432822890921,0.788912727524396,0.9111111111111112,0.8984563310939022,0.8495372989116908,-0.7081117714906253,Low Stress / High Capacity
MAC,1.1380534566800702,28.56134394615607,0.0398459350801395,100.0,24.339155555555553,1.47,,47.477777777777774,1.398,2.224,0.03444929645803,0.2271624393072308,0.264981840101928,0.359298350802213,0.2214729816673504,,,,,,,,,,No data
MAF,2.027031470861436,,0.4219356859792352,100.0,24.339155555555553,4.587298578199053,,47.477777777777774,,2.667892307692308,0.1100751717175898,0.2271624393072308,0.0189300130231717,0.1449377648258243,0.1252763472184541,,,,,,,,,,No data
MAR,10.16416086080643,19.732437590905977,0.515099100857704,100.0,21.32,1.81,39.5,30.1,1.558,3.018,0.0426977195536147,0.47881042649954,0.2666403509312338,0.190135744336202,0.2445710603301475,Morocco,2025.0,0.3796247523806958,0.19229495248044434,0.32059888804300174,0.6648786717752235,0.5056156725985949,0.2838880467000023,-0.13505369205054832,High Stress / Low Capacity
MCO,2.027031470861436,,0.4219356859792352,100.0,9.58,4.587298578199053,,47.477777777777774,,2.667892307692308,0.1100751717175898,0.4111459291545949,0.0189300130231717,0.1449377648258243,0.1712722196802951,,,,,,,,,,No data
MDA,26.85685361914666,30.274158293549096,0.887121397686204,100.0,14.76,1.76,46.1,53.3,,2.667892307692308,0.0414847161572052,0.2748712592095873,0.2866149559510315,0.1761850775577014,0.1947890022188813,Moldova,2025.0,0.6253435255818818,0.49550284098147623,0.509769995616767,0.8038314176245211,0.913841735473614,0.507885150575831,-0.4305545233630005,High Stress / High Capacity
MDG,4.175071905238048,12.921324437184015,0.323114857577861,39.4,12.75,0.14,30.1,26.4,,2.667892307692308,0.6384085600598244,0.6312081431236514,0.0075028363124913,0.2296405071015719,0.3766900116493847,Madagascar,2025.0,0.37858133465672716,0.276377812316865,0.20409716935428054,0.7006385696040869,0.5774142263705832,0.21148494241690613,-0.0018913230073424603,High Stress / Low Capacity
MDV,14.1016539711307,46.651350910620195,0.302277505278426,100.0,12.01,4.37,38.1,12.0,1.566,2.964,0.1048034934497816,0.8177726768627653,0.286491730026953,0.3640794845392637,0.3932868462196909,Maldives,2025.0,0.4974496089438982,0.4025021020714959,0.4797794541721456,0.6761174968071519,0.4738191702138571,0.4705522999298595,-0.10416276272420733,High Stress / High Capacity
MEA,-2.1484223560951623,-2.8752094526617897,0.747222903745747,96.42,39.72,4.587298578199053,,47.477777777777774,,2.667892307692308,0.0722316199205497,0.0354291502964547,0.0703113278949247,0.0982497882718065,0.0690554715959338,,,,,,,,,,No data
MEX,0.5114233879706894,1.450513739201536,0.352580864385478,99.7,14.99,3.52,44.2,31.7,1.457,3.32,0.0810111883535261,0.5380139959937758,0.3078155979732083,0.1671825572873887,0.2735058349019746,Mexico,2025.0,0.33285243843586265,0.42925573929217514,0.28368745241885246,0.00024521072796934864,0.7805015641827786,0.24994909156730094,-0.05934660353388804,High Stress / Low Capacity
MHL,0.0057215690024923,12.484045201642871,0.0004583105003288,100.0,10.73,4.11,42.5,12.6,,2.667892307692308,0.0984958757884522,0.8263396349693515,0.0438033716627298,0.3685893572833379,0.3343070599259679,,,,,,,,,,No data
MKD,12.816671630694124,21.240334242100133,0.603411955979977,100.0,26.12,3.63,50.3,53.0,,2.667892307692308,0.0868510431829209,0.1369552695604328,0.1138425959866987,0.1707025396050517,0.127087862083776,North Macedonia,2025.0,0.47516591007614223,0.45091344561367747,0.4290262301889403,0.5524904214559387,0.541514949484589,0.42303776274407767,-0.3480780479923662,Low Stress / High Capacity
MLI,1.985393458557575,5.965081840606008,0.332835912668027,54.5,56.78,0.29,34.5,51.0,,2.667892307692308,0.4751500995534711,0.2206131414472272,0.0194423922541446,0.1969632395657021,0.2280422182051362,Mali,2025.0,0.21412887347378654,0.2088567279027696,0.2398551226151752,0.0004597701149425287,0.6789578952766808,0.00010181686539810393,0.01391334473134967,High Stress / Low Capacity
MLT,2.140881419595367,23.34922480511342,0.0916896144289347,100.0,11.72,3.2,66.9,67.1,,2.667892307692308,0.0764192139737991,0.1428163068802173,0.0175290251769488,0.3410689886397096,0.1444583836676687,Malta,2025.0,0.5947600457032441,0.6738604224526715,0.7404664682677,0.000582375478927203,0.904610492845787,0.7024684933366518,-0.4503016620355754,Low Stress / High Capacity
MMR,-1.6575939606132108,-3.3369432862574517,0.496740225535054,76.8,32.32,0.58,27.1,23.0,1.488,1.898,0.2323852929621184,0.4291259381528382,0.4720533502273393,0.0554877285664614,0.2972630774771893,Burma/Myanmar,2025.0,0.08113327665784136,0.05215685275307666,0.04030267377211802,0.13052362707535123,0.19585619775373098,0.016901599656085255,0.2161298008193479,High Stress / Low Capacity
MNA,3.2597469028231396,3.585720215717908,0.909091258301227,96.09,39.19,4.587298578199053,,47.477777777777774,,2.667892307692308,0.0687432478275265,0.0420359815106158,0.0037607542115949,0.1271452034849255,0.0604212967586656,,,,,,,,,,No data
MNE,2.027031470861436,,0.4219356859792352,100.0,17.98,3.72,47.7,42.1,,2.667892307692308,0.0890344492964579,0.3726626776364995,0.0189300130231717,0.1449377648258243,0.1563912261954883,Montenegro,2025.0,0.5454087530682228,0.5133385991285958,0.6008951023138855,0.7231162196679438,0.8143494538181445,0.000497771341946286,-0.3890175268727345,Low Stress / High Capacity
MNG,-29.969304104696697,-17.67145823324453,1.69591573650197,100.0,29.65,12.86,37.2,64.2,1.517,2.696,0.3107714701601163,0.0449797539524928,0.3977754237288134,1.0,0.4383816619603556,Mongolia,2025.0,0.5139535292984485,0.35791270670369707,0.516690889796295,0.6914431673052363,0.567157290117442,0.4796026879652465,-0.0755718673380929,High Stress / High Capacity
MNP,2.027031470861436,,0.4219356859792352,100.0,9.71,4.587298578199053,,47.477777777777774,,2.667892307692308,0.1100751717175898,0.4095253856492347,0.0189300130231717,0.1449377648258243,0.1708670838039551,,,,,,,,,,No data
MOZ,2.148809938487001,4.4565088213129345,0.482173383840389,36.0,20.08,0.25,39.0,57.1,,2.667892307692308,0.6716807559703872,0.1617556031258864,0.0174314602792107,0.1109170423106258,0.2404462154215275,Mozambique,2025.0,0.3575714715290329,0.25599408872015694,0.00012688305995801324,0.720051085568327,0.7989640494384328,0.1979093603638256,-0.1171252561075054,High Stress / Low Capacity
MRT,3.57270550196941,6.2228725287246025,0.574124808997437,50.3,70.82,1.01,34.6,36.2,,2.667892307692308,0.5020803136472884,0.2133658301739183,9.037790265420398e-05,0.0742195444854383,0.1974390165523248,Mauritania,2025.0,0.18817374113029958,0.28147374321604196,0.26292476988026847,0.00038825031928480213,0.2030360531309298,0.1436070321515035,0.00926527542202521,High Stress / Low Capacity
MSR,2.027031470861436,,0.4219356859792352,87.99670833333333,24.339155555555553,6.02,,47.477777777777774,,2.667892307692308,0.0179479156088147,0.2271624393072308,0.0189300130231717,0.1449377648258243,0.1022445331912603,,,,,,,,,,No data
MUS,8.867837614581031,29.927994753017977,0.296305772831198,100.0,9.15,3.68,47.3,13.4,,2.667892307692308,0.0880640465793304,0.8361832546703462,0.065249965732161,0.3031956652868451,0.3231732330671706,Mauritius,2025.0,0.7247674792537988,0.6127092516625474,0.7646895978960481,0.8722860791826309,0.6502384737678856,0.7228318664162726,-0.4015942461866282,High Stress / High Capacity
MWI,8.442980806794457,21.04655933364998,0.401157294783833,15.6,23.7,0.09,35.1,68.1,,2.667892307692308,0.8912071871348809,0.0188382809343271,0.0600218630345913,0.2361416595117417,0.3015522476538853,Malawi,2025.0,0.6126832610580505,0.46620123831120847,0.5397605370613883,0.9509578544061303,0.6174162777578337,0.5225920311333349,-0.3111310134041652,High Stress / High Capacity
MYS,-4.989984352068904,-7.124641614798991,0.700383910076814,100.0,16.19,8.16,41.0,28.0,1.444,2.518,0.1967491508976224,0.5686216353304274,0.1846704634128847,0.1055981082934416,0.263909839483594,Malaysia,2025.0,0.5140446561764497,0.3859403266491706,0.419798371282903,0.7711366538952746,0.654341248269142,0.4015430911600335,-0.2501348166928557,High Stress / High Capacity
NAM,5.22000194957411,17.4838323383311,0.298561656767316,56.7,19.99,1.14,44.0,69.5,,2.667892307692308,0.431273227861021,0.0101681582544554,0.020361289992512,0.2569768032133097,0.1796948698303245,Namibia,2025.0,0.5736883555463614,0.4445435319897062,0.5351466076083695,0.6812260536398468,0.6963946869070209,0.5870760458854674,-0.39399348571603693,Low Stress / High Capacity
NCL,2.027031470861436,,0.4219356859792352,100.0,24.339155555555553,18.06,,47.477777777777774,,2.667892307692308,0.4369238233867054,0.2271624393072308,0.0189300130231717,0.1449377648258243,0.206988510135733,,,,,,,,,,No data
NER,1.0154009120842158,5.082497354768354,0.199783854512305,20.1,85.12,0.12,40.0,69.9,,2.667892307692308,0.8429106747376272,0.8066502463054188,0.0313786977478944,0.2634813379624179,0.4861052391883396,Niger,2025.0,0.2901811933781839,0.2407062960226259,0.2917618289616351,0.000582375478927203,0.8461459562028822,0.20017195737267235,0.1959240458101557,High Stress / Low Capacity
NGA,-1.5660278712672728,-6.42150568037023,0.243872379659249,61.2,56.53,0.58,37.9,47.1,1.59,2.69,0.3972901555413994,0.1694671549789803,0.0514350524183226,0.2057185162239793,0.2059777197906704,Nigeria,2025.0,0.503591189537357,0.4114199811450556,0.40134265347082837,0.8028097062579822,0.5804913072465254,0.3517659569654049,-0.2976134697466867,High Stress / High Capacity
NIC,7.259283500613411,20.0365766868659,0.362301585448572,88.3,16.81,0.81,47.4,65.5,1.41,2.936,0.1052409953090364,0.099070229283264,0.1874619928733025,0.2444869406864339,0.1590650395380092,Nicaragua,2025.0,0.08283745854382846,0.124773868066349,0.01953999123353404,0.1162196679438059,0.13534027386019798,0.021426793673778765,0.07622758099418075,Low Stress / Low Capacity
NIR,2.027031470861436,,0.4219356859792352,87.99670833333333,24.339155555555553,4.587298578199053,,47.477777777777774,1.362,3.157,0.0168095182048908,0.2271624393072308,0.2401312646821737,0.1449377648258243,0.1572602467550299,,,,,,,,,,No data
NIU,2.027031470861436,,0.4219356859792352,87.99670833333333,24.339155555555553,4.14,,47.477777777777774,,2.667892307692308,0.0276610120961827,0.2271624393072308,0.0189300130231717,0.1449377648258243,0.1046728073131023,,,,,,,,,,No data
NLD,-1.1262440615332174,-8.730767004722457,0.128997150069866,100.0,10.89,6.3,66.9,60.5,1.277,2.855,0.1516254245511887,0.2344436420533188,0.041370803255706,0.2788667058086707,0.176576643917221,Netherlands,2025.0,0.6902611223679371,0.7044360078477335,0.8558147045931667,0.8436781609195403,0.0008615826452638598,0.8755571645134286,-0.5136844784507162,Low Stress / High Capacity
NOR,-1.2690480746060846,-14.08437898105711,0.090103232546703,100.0,6.06,6.67,69.9,71.6,,2.667892307692308,0.1606016496846191,0.1579535587479259,0.0594901312729889,0.3000432956942684,0.1695221588499506,Norway,2025.0,0.9445228921611601,0.8127245394552449,0.9953860705469811,0.9938697318007663,1.0,0.9581419553363351,-0.7750007333112096,Low Stress / High Capacity
NPL,11.644305312317549,25.63250042272381,0.454278947441062,94.0,45.72,0.63,33.1,54.2,,2.667892307692308,0.0493541077475271,0.1221511532939589,0.099415967062999,0.2442124781233876,0.1287834265569681,Nepal,2025.0,0.6362386875406589,0.5541060463220119,0.46824463053959897,0.8763729246487868,0.7979383558131187,0.57123786682354,-0.5074552609836909,Low Stress / High Capacity
NRU,0.0,18.085365971399018,0.0,100.0,6.06,5.13,,47.477777777777774,,2.667892307692308,0.1232411450752062,0.4550252609920419,0.0438737787970584,0.3687891938235412,0.2477323446719619,,,,,,,,,,No data
NZL,0.2493215387975723,1.7572515659278882,0.141881528878264,100.0,6.49,6.23,57.3,38.5,1.293,2.438,0.1499272197962153,0.5602287674412606,0.1625707300915619,0.2881965176003186,0.2902308087323391,New Zealand,2025.0,0.7619482502769619,0.7401075241419726,0.7427734329942094,0.6699872286079183,0.8246063900712857,0.8902640450709324,-0.4717174415446228,High Stress / High Capacity
OMN,-19.657724353148907,-18.28267367064296,1.07521059049005,100.0,39.58,15.65,51.3,56.2,,2.667892307692308,0.378457059679767,0.0702421788357879,0.2857731666265893,0.5071102019944768,0.3103956517841553,Oman,2025.0,0.1366064812674862,7.64389634876551e-05,0.08413500357579531,0.32464878671775227,0.33740191804707936,9.050388035387019e-05,0.1737891705166691,High Stress / Low Capacity
OSS,4.599725601895874,16.132787610996722,0.285116603082317,94.5,16.76,4.587298578199053,,47.477777777777774,,2.667892307692308,0.0519356368338689,0.3216420647816205,0.0127284396130393,0.2572718547900574,0.1608944990046465,,,,,,,,,,No data
PAK,3.212255485149006,6.467654857718115,0.496664642102182,95.6,43.0,0.72,25.5,25.3,1.574,2.311,0.0302573823950893,0.2676669331751476,0.1933771055314133,0.1154585411800291,0.1516899905704198,Pakistan,2025.0,0.34981072571620797,0.24452824419700867,0.20986458117055387,0.6648786717752235,0.4892045745935689,0.19904065886824898,-0.19812073514578818,Low Stress / Low Capacity
PAN,2.503936866694033,15.657242489021614,0.1599219574232,97.0,11.47,2.8,52.9,56.6,,2.667892307692308,0.0350027132295843,0.2752430815258039,0.0130614230871233,0.3053032574773756,0.1571526188299717,Panama,2025.0,0.450158853349731,0.5617499426707774,0.0005767411816273328,0.6454661558109834,0.5527975793630443,0.6504287621331765,-0.29300623451975927,Low Stress / High Capacity
PER,-1.864656504574344,-6.182102991042089,0.301621714694214,96.2,27.04,2.05,46.5,48.6,1.413,3.447,0.0083510026639913,0.1796739999484176,0.3458435436116625,0.1679917151261594,0.1754650653375576,Peru,2025.0,0.5903562704297249,0.5706678217443371,0.43479364200521364,0.7210727969348659,0.7261398020411304,0.5723691653279634,-0.41489120509216737,Low Stress / High Capacity
PHL,5.134321776129367,13.408936768707903,0.382902974687091,98.0,20.29,1.51,32.1,24.6,1.324,1.881,0.0142780501265318,0.5593841074974854,0.3974792327989174,0.206190438814247,0.2943329573092954,Philippines,2025.0,0.3964174627055063,0.33243305220781205,0.2894548642351258,0.6802043422733078,0.3702241140571311,0.32913998687693735,-0.10208450539621094,High Stress / Low Capacity
PLW,2.027031470861436,,0.4219356859792352,100.0,7.33,12.76,,47.477777777777774,,2.667892307692308,0.3083454633672973,0.4391937975165993,0.0189300130231717,0.1449377648258243,0.2278517596832231,,,,,,,,,,No data
PNG,-5.395610565423151,-26.76830630556701,0.201567125832725,20.5,17.31,0.79,36.9,19.8,,2.667892307692308,0.8224280994160145,0.6556452514206621,0.1102698106720976,0.1835387156488991,0.4429704692894183,Papua New Guinea,2025.0,0.34793589931999375,0.00028027619945473537,0.2859944171453618,0.6168582375478927,0.5856197753730961,0.4343507477883114,0.09503456996942455,High Stress / Low Capacity
POL,-0.0343960858250623,-0.0819944164134539,0.419493025618004,100.0,17.96,7.08,64.2,81.4,,2.667892307692308,0.1705482775351771,0.1110781557613117,0.0442970420372657,0.121011055226579,0.1117336326400833,Poland,2025.0,0.6120600756746354,0.661120595204729,0.7531547742635014,0.7445721583652618,0.0008923534540232833,0.7296196574428129,-0.5003264430345521,Low Stress / High Capacity
PRE,-0.278660829522916,-0.7121129028486044,0.391315518098623,52.53,40.71,4.587298578199053,,47.477777777777774,,2.667892307692308,0.3917218684515433,0.0230880882171727,0.0473028575074263,0.1346201616613831,0.1491832439593813,,,,,,,,,,No data
PRI,2.027031470861436,,0.4219356859792352,100.0,7.19,4.587298578199053,,47.477777777777774,1.408,3.308,0.1100751717175898,0.4409389982146796,0.3201100782414956,0.1449377648258243,0.2540155032498973,,,,,,,,,,No data
PRK,2.027031470861436,,0.4219356859792352,57.5,29.93,2.36,,47.477777777777774,,2.667892307692308,0.3932192853691787,0.1574685419693542,0.0189300130231717,0.1449377648258243,0.1786389012968822,North Korea,2025.0,0.07825747016022262,0.05597880092745942,0.012619097054006042,0.028352490421455944,0.35381301605210524,0.015770301151661878,0.10038143113665958,Low Stress / Low Capacity
PRT,1.4532982712007654,9.899465982843116,0.146805724037993,100.0,8.45,3.41,61.9,59.8,,2.667892307692308,0.0815138282387191,0.273480686732176,0.0259901237095423,0.3001085692842892,0.1702733019911816,Portugal,2025.0,0.7481457164677522,0.6738604224526715,0.7969871040671787,0.7261813537675607,0.7569106108005539,0.8110731497612961,-0.5778724144765706,Low Stress / High Capacity
PRY,2.483195200763774,14.2381194433263,0.174404717606699,99.8,10.09,1.15,39.5,47.5,,2.667892307692308,0.0245719098161466,0.4045147396384081,0.0133166609875514,0.2965082319732476,0.1847278856038384,Paraguay,2025.0,0.4289825840374372,0.4356256529161464,0.3632777354834244,0.49425287356321845,0.4440740550797477,0.4253003597529244,-0.24425469843359882,Low Stress / High Capacity
PSE,2.027031470861436,,0.4219356859792352,100.0,26.36,0.87,,47.477777777777774,,2.667892307692308,0.0198932557011159,0.2019711597704014,0.0189300130231717,0.1449377648258243,0.0964330483301283,Palestine/West Bank,2025.0,0.08875304428552179,0.00011465844523148264,0.08413500357579531,0.0002656449553001278,0.32201651366736755,0.1289001515939996,0.007680004044606503,Low Stress / Low Capacity
PSS,8.771890942001212,34.12898339700874,0.257021747174867,88.87,12.88,4.587298578199053,,47.477777777777774,,2.667892307692308,0.0075781052380126,0.3700090555569882,0.0640692877989281,0.3251788891977918,0.1917088344479302,,,,,,,,,,No data
PST,0.3754841545376208,1.9948702930315985,0.188224846421969,100.0,11.0,4.587298578199053,,47.477777777777774,,2.667892307692308,0.1100751717175898,0.3934446077883521,0.0392532344506937,0.2624225927765827,0.2012989016833046,,,,,,,,,,No data
PYF,2.027031470861436,,0.4219356859792352,100.0,24.339155555555553,3.27,,47.477777777777774,,2.667892307692308,0.0781174187287724,0.2271624393072308,0.0189300130231717,0.1449377648258243,0.1172869089712498,,,,,,,,,,No data
QAT,-20.430462785398372,-26.82961921109877,0.761489107417029,100.0,75.66,41.27,46.8,50.1,,2.667892307692308,1.0,0.4448821774602601,0.2952821489663256,0.331632703979883,0.5179492576016171,Qatar,2025.0,0.07826395804447817,0.0432389736795169,6.920894179527994e-05,0.18467432950191573,0.10046669059951792,0.10288028599226193,0.439685299557139,High Stress / Low Capacity
ROU,2.8169075108831936,9.4336622809011,0.298601691157225,100.0,14.85,3.61,57.3,71.9,1.613,3.168,0.0863658418243571,0.0446853050662402,0.2556774061399599,0.2273817641133916,0.1535275792859872,Romania,2025.0,0.5538091975989002,0.5299003745509211,0.3390546058550764,0.6699872286079183,0.8256320836965998,0.5248546281421816,-0.40028161831291303,Low Stress / High Capacity
RUS,-7.622118648268229,-6.116745321422693,1.24610691597266,100.0,11.27,12.29,46.7,41.6,1.556,2.484,0.2969432314410479,0.4624652894196132,0.2350688353901608,0.4597746335026569,0.3635629974383697,Russia,2025.0,0.1519535307835421,0.15789741891099954,0.06798625049023,0.20613026819923375,0.29842556028514283,0.06328483833744372,0.21160946665482758,High Stress / Low Capacity
RWA,3.0043784955920896,19.83631046920972,0.151458533594518,63.9,31.29,0.14,33.9,49.9,,2.667892307692308,0.3794233592141585,0.1106848408256603,0.006903206525527,0.3164519482981109,0.2033658387158641,Rwanda,2025.0,0.19227561285672648,8.917879073559761e-05,0.20986458117055387,0.41047254150702434,0.3845838248115288,3.393895513270131e-05,0.011090225859137631,High Stress / Low Capacity
SAU,-4.349547060148273,-5.874040050104095,0.740469425309961,100.0,53.15,20.38,42.5,45.4,,2.667892307692308,0.4932071809801066,0.1063970632484806,0.0973974091157969,0.1213536678476159,0.2045888302979999,Saudi Arabia,2025.0,0.066966476881319,0.03304711188116289,0.08298152121254064,0.0,0.19995897225498743,0.05310315179763332,0.1376223534166809,High Stress / Low Capacity
SDN,2.668297532535073,3.560422501618908,0.749432835940625,66.0,45.83,0.35,39.1,39.2,,2.667892307692308,0.3521300134481814,0.0612066816255297,0.0110388723718959,0.0402804235494068,0.1161639977487534,Sudan,2025.0,0.13562371532759124,0.06489668000101918,0.026460885413062032,0.2613026819923372,0.36509564593056054,0.03839627124012942,-0.01945971757883784,Low Stress / Low Capacity
SEN,8.499863408648,16.741430581109302,0.507714282090031,74.2,63.74,0.76,43.8,56.5,,2.667892307692308,0.2555026244982576,0.3751085377281443,0.0607218355400211,0.1740100979894348,0.2163357739389644,Senegal,2025.0,0.6796327793735232,0.5120646164038015,0.6401135026645441,0.8927203065134101,0.8728139904610493,0.5474805982306491,-0.46329700543455876,High Stress / High Capacity
SGP,-1.235894116391401,-8.581137364699385,0.144024511421476,100.0,13.87,9.24,53.0,35.0,1.452,1.994,0.2229500242600679,0.5113352074897479,0.4160166381202773,0.268656487288223,0.354739589289579,Singapore,2025.0,0.31879005961855483,0.1540754707366168,0.4071100652871017,0.42068965517241386,0.6286989076362891,0.0003393895513270131,0.03594952967102416,High Stress / Low Capacity
SHN,2.027031470861436,,0.4219356859792352,87.99670833333333,24.339155555555553,2.16,,47.477777777777774,,2.667892307692308,0.0756959465939993,0.2271624393072308,0.0189300130231717,0.1449377648258243,0.1166815409375565,,,,,,,,,,No data
SLB,2.8003205767086907,13.176072761469747,0.212530746255254,81.3,13.95,0.36,42.2,13.2,,2.667892307692308,0.1901537975469122,0.7788108563519288,0.0094142543341588,0.2779295519618071,0.3140771150487017,Solomon Islands,2025.0,0.5987712222827691,0.5464621499732463,0.45555632454379763,0.7425287356321839,0.7220370275398739,0.6097020159739349,-0.2846941072340674,High Stress / High Capacity
SLE,1.0128417446918714,6.809892320832938,0.148730948592736,35.5,43.22,0.17,39.9,45.3,,2.667892307692308,0.678906973666799,0.0186190562160952,0.0314101897463802,0.2935532908584713,0.2556223776219364,Sierra Leone,2025.0,0.46602317100427426,0.39103625754834764,0.4993886543474749,0.9213282247765007,0.0007179855377198831,0.39362400162906985,-0.21040079338233786,High Stress / High Capacity
SLV,8.844407306472482,26.933439200836084,0.328380168626884,98.3,20.03,1.42,41.6,35.5,,2.667892307692308,0.0152658913702886,0.4283887413062354,0.0649616425729645,0.2839946125000298,0.1981527219373795,El Salvador,2025.0,0.22161315575461163,0.20248681427879836,0.14411608646503793,0.41558109833971907,0.3456074670495923,3.393895513270131e-05,-0.023460433817232118,High Stress / Low Capacity
SMR,2.027031470861436,,0.4219356859792352,100.0,10.69,4.587298578199053,,47.477777777777774,,2.667892307692308,0.1100751717175898,0.3973089807626727,0.0189300130231717,0.1449377648258243,0.1678129825823146,,,,,,,,,,No data
SOM,2.340928104022508,24.032674308651018,0.0974060595153926,50.3,24.53,0.07,,47.477777777777774,,2.667892307692308,0.5248847774997871,0.224783426038165,0.01506733787119,0.3401599630241715,0.2762238761083284,Somalia,2025.0,0.18174827089183782,0.12095191989196626,0.21793895771333655,0.0004393358876117498,0.5015128980973383,0.14473833065592687,0.09447560521649057,High Stress / Low Capacity
SPM,2.027031470861436,,0.4219356859792352,87.99670833333333,24.339155555555553,9.79,,47.477777777777774,,2.667892307692308,0.1094083716980918,0.2271624393072308,0.0189300130231717,0.1449377648258243,0.1251096472135796,,,,,,,,,,No data
SRB,2.027031470861436,,0.4219356859792352,100.0,22.51,6.24,49.8,53.4,1.582,3.053,0.1501698204754973,0.1770304077579758,0.1850465189194617,0.1449377648258243,0.1642961279946897,Serbia,2025.0,0.37987872743372375,0.276377812316865,0.2398551226151752,0.5361430395913155,0.7220370275398739,0.23524221100979703,-0.21558259943903404,Low Stress / Low Capacity
SSD,2.027031470861436,,0.4219356859792352,5.4,30.74,0.14,,47.477777777777774,,2.667892307692308,0.9978165938864628,0.1473713093590327,0.0189300130231717,0.1449377648258243,0.3272639202736229,South Sudan,2025.0,0.0843019155592439,0.059800749101842174,0.04376312086188201,0.23780332056194128,0.0,0.07233522637283074,0.24296200471437898,High Stress / Low Capacity
SST,3.6753368117678527,10.936880608598075,0.336049824744221,94.79,18.1,4.587298578199053,,47.477777777777774,,2.667892307692308,0.0550011759459196,0.3049380009571378,0.0013533140679184,0.2158638564048272,0.1442890868439507,,,,,,,,,,No data
STP,7.436423791527024,16.22454683352213,0.458344006019469,81.3,27.34,0.6,36.2,33.2,,2.667892307692308,0.1843313812441466,0.36558945658061,0.0476356111249338,0.1900351525181904,0.1968979003669702,Sao Tome and Principe,2025.0,0.47050508023827436,0.49805080643106475,0.4797794541721456,0.6893997445721584,0.0007077286014667419,0.5870760458854674,-0.2736071798713042,High Stress / High Capacity
SUR,4.0538913511761425,7.233360786006017,0.560443681866247,99.6,27.31,4.71,56.9,64.8,,2.667892307692308,0.108823586735641,0.0231991334175845,0.0060116412322367,0.0882079109361989,0.0565605680804152,Suriname,2025.0,0.5736695143733641,0.6483807679567865,0.0006459501234226127,0.8467432950191571,0.9056361864711011,0.7081249858587687,-0.5171089462929489,Low Stress / High Capacity
SVK,-0.5242194448036874,-1.880434638345358,0.278775679895453,100.0,15.39,5.28,65.1,81.9,1.487,3.148,0.1268801552644347,0.0851988927002469,0.2039697337554665,0.1979577580228588,0.1535016349357517,Slovakia,2025.0,0.4987010542865204,0.6471067852319922,0.41749140655639366,0.6761174968071519,0.0006872147289604595,0.6481661651243297,-0.3451994193507687,Low Stress / High Capacity
SVN,1.7429715437775264,7.269089261120112,0.239778530867696,100.0,14.29,6.02,62.4,64.9,,2.667892307692308,0.1448326055312954,0.1378730044102852,0.0224255306748623,0.2488515666296276,0.1384956768115176,Slovenia,2025.0,0.7631397970300021,0.6445588197824037,0.7058619973700601,0.9264367816091954,0.9353813016052105,0.6662669411951038,-0.6246441202184845,Low Stress / High Capacity
SWE,-0.0716612017270032,-1.0870032140109869,0.0659254736355167,100.0,5.64,3.59,70.3,60.0,,2.667892307692308,0.0858806404657932,0.3060463036993095,0.044755610311097,0.329034279044472,0.1914292083801679,Sweden,2025.0,0.9165263330679989,0.8089025912808622,0.9423258818372665,0.9591315453384419,0.9476896251089799,0.9649297463628753,-0.725097124687831,High Stress / High Capacity
SWZ,-1.1875500598230146,-5.212715889980192,0.227817913902752,86.4,18.78,0.84,38.7,29.8,,2.667892307692308,0.124597759867385,0.5141679347312132,0.058487252224978,0.2198424460475376,0.2292738482177784,Eswatini,2025.0,0.14818758630561596,6.369913623971259e-05,0.07375366230650332,0.3910600255427842,0.23380686189035335,0.10966807701880218,0.08108626191216245,High Stress / Low Capacity
SXM,2.027031470861436,,0.4219356859792352,100.0,24.339155555555553,16.55,,47.477777777777774,,2.667892307692308,0.4002911208151383,0.2271624393072308,0.0189300130231717,0.1449377648258243,0.1978303344928412,,,,,,,,,,No data
SYC,17.9171979795279,41.06606465737093,0.436301801232175,100.0,8.5,5.0,47.9,50.5,,2.667892307692308,0.1200873362445414,0.3873894204730095,0.176607450108465,0.3320042202630743,0.2540221067722725,Seychelles,2025.0,0.5971344470892063,0.4343516701913522,0.8108288924262347,0.8763729246487868,0.7363967382942715,0.000701405072742494,-0.3431123403169338,High Stress / High Capacity
SYR,2.027031470861436,,0.4219356859792352,88.4,24.71,1.29,,47.477777777777774,,2.667892307692308,0.0925390802510737,0.2225395965692047,0.0189300130231717,0.1449377648258243,0.1197366136673186,Syria,2025.0,0.20123307601041165,0.07381455907457894,0.19140886335847923,0.3542784163473819,0.36612133955587467,0.06102224132859696,-0.08149646234309306,Low Stress / Low Capacity
TCA,2.2050812299171416,25.610498127053283,0.0861006771120877,100.0,24.339155555555553,8.14,,47.477777777777774,,2.667892307692308,0.1962639495390586,0.2271624393072308,0.0167390102934039,0.3451545312411438,0.1963299825952092,,,,,,,,,,No data
TCD,-1.9515247924505617,-11.635962138041704,0.167714948647899,12.0,49.14,0.14,35.9,60.3,,2.667892307692308,0.9280491520259978,0.2399070659135654,0.0678883922969331,0.2458811358923818,0.3704314365322195,Chad,2025.0,0.18386282910977597,0.1642673325349708,0.14065563937527395,0.40025542784163476,0.11380070772860146,0.070072629363984,0.18656860742244352,High Stress / Low Capacity
TEA,-3.2208944844423955,-4.578903140090911,0.703420532363226,98.75,30.41,4.587298578199053,,47.477777777777774,,2.667892307692308,0.0968616410621987,0.1514849967187934,0.0835087024562317,0.0856190096768318,0.1043685874785139,,,,,,,,,,No data
TEC,1.197908454576326,1.5527240691221955,0.771488301365446,100.0,17.91,4.587298578199053,,47.477777777777774,,2.667892307692308,0.1100751717175898,0.3073064876188183,0.029132839478138,0.0713794385776129,0.1294734843480397,,,,,,,,,,No data
TGO,5.49833634102062,18.537675385620243,0.296603334918989,59.2,51.67,0.33,35.7,54.8,,2.667892307692308,0.4244968215720728,0.2037113455239471,0.0237863516981936,0.2615565931912617,0.2283877779963688,Togo,2025.0,0.40212610562273554,0.296761535913573,0.3321337116755484,0.6444444444444445,0.5958767116262372,0.17754598728420481,-0.17373832762636673,High Stress / Low Capacity
THA,0.718694669510944,1.193173553171777,0.602338752481112,100.0,31.01,3.74,45.7,45.9,1.494,2.399,0.0895196506550218,0.1634363259656632,0.1774516085880575,0.0224629246949304,0.1132176274759182,Thailand,2025.0,0.39475512078703506,0.23688434784824314,0.2225528871663552,0.654661558109834,0.6379301502641161,0.35515985247867504,-0.2815374933111169,Low Stress / Low Capacity
TJK,21.97384548547308,35.64344448515075,0.6164905160787,100.0,37.05,1.01,32.3,53.7,1.583,1.569,0.0232896652110625,0.0079157317377214,0.3555136310328646,0.2756749314924348,0.1655984898685208,Tajikistan,2025.0,0.08047400145764079,0.0750885417993732,0.055297944494428666,0.15606641123882506,0.06251602646289553,0.04857795777993981,0.08512448841088001,Low Stress / Low Capacity
TKM,-17.536635540035572,-13.289250291144548,1.31961059923157,100.0,19.6,10.81,40.6,39.2,,2.667892307692308,0.2610383309073265,0.388182498130142,0.2596719721949974,0.6251199462617759,0.3835031868735604,Turkmenistan,2025.0,0.05922465240191711,0.04196499095472265,0.03222829722933536,0.06615581098339719,0.14457151648802505,0.03839627124012942,0.3242785344716433,High Stress / Low Capacity
TLA,0.0388201996737987,0.1268077122301454,0.306134374566614,98.39,15.59,4.587298578199053,,47.477777777777774,,2.667892307692308,0.0930561442334461,0.3362269563298629,0.0433960743401329,0.1887541711575656,0.1653583365152519,,,,,,,,,,No data
TLS,20.394244457751014,46.936494513263696,0.43450719252133,100.0,17.41,0.48,49.9,44.4,,2.667892307692308,0.0104318292091217,0.3514430144688313,0.2070889044183828,0.3635438690765389,0.2331269042932187,Timor-Leste,2025.0,0.49997573285756003,0.5885035798914566,0.0005536715343622395,0.7701149425287357,0.7035745422842197,0.6210150010181686,-0.26684882856434133,High Stress / High Capacity
TMN,3.038048801234286,3.341852397647443,0.909091258301227,96.06,39.27,4.587298578199053,,47.477777777777774,,2.667892307692308,0.068426123091797,0.0410387239688556,0.0064888744199099,0.1298733236932405,0.0614567612934507,,,,,,,,,,No data
TON,2.027031470861436,,0.4219356859792352,100.0,12.48,1.46,40.4,15.7,,2.667892307692308,0.0342066957787481,0.7663472863418702,0.0189300130231717,0.1449377648258243,0.2411054399924035,,,,,,,,,,No data
TSA,5.9061553432395835,7.024679830178887,0.840772175532615,99.41,47.32,4.587298578199053,,47.477777777777774,,2.667892307692308,0.1038383852482451,0.0593103161707604,0.028804794586585,0.0542951751585772,0.0615621677910419,,,,,,,,,,No data
TSS,0.7450126548335533,1.6964870405431427,0.43915021867484,53.26,38.18,4.587298578199053,,47.477777777777774,,2.667892307692308,0.3840051665487949,0.0546263579753378,0.0347059777895821,0.1190112175009243,0.1480871799536597,,,,,,,,,,No data
TTO,-1.044632668469888,-0.870257351384963,1.20037212763261,98.7,25.6,22.93,52.5,49.5,,2.667892307692308,0.541328282315385,0.1865408918577359,0.0567285730992848,0.3518673513537149,0.2841162746565301,Trinidad and Tobago,2025.0,0.7601120349515318,0.6432848370576094,0.6943271737375134,0.9264367816091954,0.8471716498281964,0.7556395230445505,-0.4759957602950017,High Stress / High Capacity
TUN,7.452844039095318,11.391127657961706,0.654267449446608,100.0,24.18,2.66,45.3,38.1,1.697,3.432,0.0633187772925764,0.3446363018939294,0.4525557289009052,0.0747105748937339,0.2338053457452862,Tunisia,2025.0,0.34494765905445046,0.30822738043672127,0.0003114402380787598,0.4881226053639847,0.834863326324427,0.29972622576192953,-0.11114231330916427,High Stress / Low Capacity
TUR,2.1708980937960085,6.212937939036041,0.349415705596575,100.0,21.61,5.87,37.2,20.0,1.43,2.13,0.1411935953420668,0.5995796043638615,0.3020602397688057,0.1894696717274896,0.3080757778005558,Türkiye,2025.0,0.21241875543800218,0.21013071062756386,2.3069647265093322e-05,0.3624521072796935,0.5825426944971537,5.656492522116887e-05,0.0956570223625536,High Stress / Low Capacity
TUV,2.027031470861436,,0.4219356859792352,100.0,5.92,1.18,,47.477777777777774,,2.667892307692308,0.0274138767588548,0.4567704616901222,0.0189300130231717,0.1449377648258243,0.1620130290744932,,,,,,,,,,No data
TWN,2.027031470861436,,0.4219356859792352,87.99670833333333,24.339155555555553,11.3,50.1,38.4,1.368,2.547,0.1460410742696589,0.3389577321370064,0.0829619556568093,0.1449377648258243,0.1782246317223247,Taiwan,2025.0,0.8376238499669846,0.8305602976023644,0.7900662098876506,0.9489144316730524,0.8215293091953434,0.7963662692037922,-0.6593992182446599,Low Stress / High Capacity
TZA,2.0284423953659014,7.079220063002234,0.286534728022801,48.3,25.08,0.29,43.6,65.3,,2.667892307692308,0.540689211604211,0.0015582149090004,0.0189126508011885,0.2247945642569433,0.1964886603928358,Tanzania,2025.0,0.29058939863572536,0.312049328611104,0.00026530094354857304,0.8099616858237548,0.0008615826452638598,0.3359277779034776,-0.09410073824288956,High Stress / Low Capacity
UGA,1.9653946832127025,11.742367029212984,0.167376362731904,51.5,33.81,0.13,35.8,51.9,,2.667892307692308,0.5107441839949203,0.0546406863882942,0.0196884884668269,0.2942806875638916,0.2198385116034832,Uganda,2025.0,0.3516546704938001,0.19866486610441558,0.26292476988026847,0.7128991060025544,0.43791989332786296,0.18659637531959183,-0.13181615889031692,High Stress / Low Capacity
UKR,23.80013399110133,15.776345092456744,1.50859618318574,100.0,14.9,3.76,54.6,53.8,1.492,3.16,0.0900048520135856,0.2669684230435267,0.5096505572732483,0.2278833933028982,0.2736268064083147,Ukraine,2025.0,0.4254859248018028,0.3209672076846638,0.3759660414792257,0.741507024265645,0.6861377506538797,0.00020363373079620788,-0.1518591183934881,High Stress / High Capacity
URY,0.3822288505315653,2.822328745721333,0.135430307724083,100.0,10.57,2.35,44.1,28.9,1.341,2.49,0.0557981562348374,0.6275952337967141,0.1333928577612899,0.2936359921025515,0.2776055599738482,Uruguay,2025.0,0.7557530475225502,0.9120951919891965,0.9042609638498625,0.8630906768837804,0.8594799733319658,0.0008258479082290654,-0.478147487548702,High Stress / High Capacity
USA,0.9102139516567418,4.434671502959237,0.205249464599432,100.0,7.81,14.2,57.2,40.7,1.568,2.921,0.3432799611838912,0.5166804219431046,0.1013881950694575,0.2589641454964959,0.3050781809232373,United States of America,2025.0,0.5267531699923053,0.0005732922261574133,0.5547558077836989,0.9836526181353769,0.6286989076362891,0.645903568115483,-0.22167498906906796,High Stress / High Capacity
UZB,14.151243276620551,13.477110815621824,1.05002054744681,100.0,31.96,3.83,42.6,44.0,1.544,1.716,0.0917030567685589,0.1749929074355866,0.3739149947463382,0.0762184247076842,0.1792073459145419,Uzbekistan,2025.0,0.2075073274031063,0.10439014446964098,0.17756707499942323,0.35121328224776505,0.3558644033027335,0.0893047039391814,-0.028299981488564385,Low Stress / Low Capacity
VCT,5.366561236434458,38.800304692650805,0.138312347775221,100.0,23.93,2.54,54.2,35.1,,2.667892307692308,0.0604075691411936,0.3846985445198118,0.0221647846969522,0.3532716134607193,0.2051356279546692,,,,,,,,,,No data
VEN,2.027031470861436,,0.4219356859792352,100.0,15.26,4.09,53.3,61.3,1.659,3.309,0.0980106744298884,0.1701162320859016,0.3206397392584449,0.1449377648258243,0.1834261026500148,Venezuela,2025.0,0.12225710658949854,0.1884730043060616,0.026460885413062032,0.00013282247765006387,0.40920047181906766,0.04744665927551644,0.06116899606051626,Low Stress / Low Capacity
VGB,2.027031470861436,,0.4219356859792352,100.0,24.339155555555553,4.87,,47.477777777777774,,2.667892307692308,0.1169335274138767,0.2271624393072308,0.0189300130231717,0.1449377648258243,0.1269909361425258,,,,,,,,,,No data
VIR,2.027031470861436,,0.4219356859792352,100.0,8.63,4.587298578199053,,47.477777777777774,,2.667892307692308,0.1100751717175898,0.4229883624629967,0.0189300130231717,0.1449377648258243,0.1742328280073956,,,,,,,,,,No data
VNM,-5.418139935746672,-5.102770902699582,1.06180348658809,99.8,20.8,3.67,24.6,24.8,1.301,1.702,0.0857072809951858,0.5505635364815722,0.622142549239268,0.3239785578583632,0.3955979811435973,Vietnam,2025.0,0.2577992063425874,0.2088567279027696,0.2087110988072992,0.6802043422733078,0.00045130519513821216,0.11532456954091908,0.13779877480100988,High Stress / Low Capacity
VUT,14.135603803060928,43.832006992704144,0.322495016151412,61.6,14.08,0.6,45.0,18.1,,2.667892307692308,0.3925766243731106,0.7168454852603615,0.1300728004270767,0.3525759619142549,0.3980177179937009,Vanuatu,2025.0,0.46702385611910036,0.4114199811450556,0.5386070546981335,0.000582375478927203,0.8246063900712857,0.7047310903454985,-0.06900613812539946,High Stress / High Capacity
WLF,2.027031470861436,,0.4219356859792352,87.99670833333333,24.339155555555553,2.7,,47.477777777777774,,2.667892307692308,0.0625955099127766,0.2271624393072308,0.0189300130231717,0.1449377648258243,0.1134064317672508,,,,,,,,,,No data
WSM,13.758884303394256,41.85294333276712,0.328743529314037,100.0,12.55,1.13,47.1,25.6,,2.667892307692308,0.0262008733624453,0.6435535037268201,0.1254370544619941,0.3442557680558393,0.2848617999017747,,,,,,,,,,No data
XKX,2.027031470861436,,0.4219356859792352,100.0,24.339155555555553,4.587298578199053,,47.477777777777774,,2.667892307692308,0.1100751717175898,0.2271624393072308,0.0189300130231717,0.1449377648258243,0.1252763472184541,Kosovo,2025.0,0.5066773388966327,0.44072158381532345,0.454402842180543,0.566794380587484,0.6133135032565773,0.516935538611218,-0.3814009916781786,Low Stress / High Capacity
YEM,2.027031470861436,,0.4219356859792352,83.6,34.83,0.25,,47.477777777777774,,2.667892307692308,0.1685095086130935,0.0963865175365445,0.0189300130231717,0.1449377648258243,0.1071909509996585,Yemen,2025.0,0.1085474534279918,0.09165031722169847,0.04491660322513668,0.2694763729246488,0.0881583670957485,0.04857795777993981,-0.001356502428333295,Low Stress / Low Capacity
ZAF,4.025984203189006,3.3460689968760566,1.20319820271122,87.7,23.75,6.87,42.7,39.5,,2.667892307692308,0.0354325216212084,0.3327551818705456,0.0056682280327797,0.2911369508674979,0.1662482205980079,South Africa,2025.0,0.5669965489730067,0.0005223329171656432,0.750847809536992,0.7925925925925926,0.7548592235499256,0.7160440753897324,-0.40074832837499874,Low Stress / High Capacity
ZMB,-0.0061410952979483,-0.0151942343820423,0.404172737074949,51.1,24.31,0.57,46.7,83.7,,2.667892307692308,0.5042980839162416,0.2185605962912336,0.0439493484391233,0.1303923866484112,0.2243001038237524,Zambia,2025.0,0.5873824086607224,0.4432695492649119,0.47516552471912693,0.9376756066411239,0.7107543976614186,0.424169061248501,-0.36308230483697,High Stress / High Capacity
ZWE,2.549928796701895,4.677771854395431,0.545116109992811,62.0,19.49,0.82,51.6,70.2,1.463,2.528,0.3830110796191835,0.0077803282352839,0.0865909683982648,0.0787387357149298,0.1390302779919155,Zimbabwe,2025.0,0.2671583907286091,0.2572680714449512,0.0001845571781207465,0.7731800766283525,0.15482845274116622,0.16623300223997103,-0.12812811273669358,Low Stress / Low Capacity
