Year,Number,Name,any_item_aggregated,NorthSouth,NorthNorth,SouthSouth,polity2max,competition,epimax,so2popmin_ln
2003,1,Afghanistan India,2,0,0,1,19.0,,39.3061494296851,0.0052313733245263
1962,2,African Common Market,0,0,0,1,6.0,,,0.8801633529976768
1991,3,African Economic Community,21,0,0,1,20.0,0.993421052631579,78.5069357132729,0.3263586033046252
2004,4,Agadir Agreement,4,0,0,1,8.0,0.999974443833936,55.4158276000101,2.1525956947868767
2003,5,Albania Bosnia and Herzegovina,7,0,0,1,17.0,0.837878553754772,27.554002056678,1.4562609165620053
2003,6,Albania Bulgaria,7,0,0,1,19.0,0.955555555555556,51.3032834321721,0.1251472481468922
2002,7,Albania Croatia,7,0,0,1,18.0,0.949450823764353,45.8386937626557,1.5272215959740087
2006,8,Albania EC SAA,17,1,0,0,20.0,1.0,67.992375410237,0.0017671504772608
2009,9,Albania EFTA,11,1,0,0,20.0,,97.94710926624,0.0029548994047377
2003,10,Albania Kosovo,6,0,0,1,17.0,,27.554002056678,1.4562609165620053
2002,11,Albania Macedonia,7,0,0,1,19.0,0.944553090250324,45.2083785300717,1.5272215959740087
2003,12,Albania Moldova,6,0,0,1,18.0,0.0,32.9356663564415,1.4562609165620053
2003,13,Albania Romania,9,0,0,1,18.0,0.0004785610224389,37.1596321382047,1.4562609165620053
2003,14,Albania Serbia,7,0,0,1,17.0,,37.2164719096425,0.1311123665875877
2006,15,Albania Turkey,6,0,0,1,19.0,0.9711379,30.3660032511311,0.0038873000670858
1976,16,Algeria EC,4,1,0,0,20.0,1.0,,0.0695140967256461
2002,17,Algeria EC Euro-Med Association Agreement,25,1,0,0,20.0,0.990415814243281,67.0289011013368,0.0362628548551858
1997,18,Algeria Jordan,1,0,0,1,8.0,0.228736446357544,34.080340542397,1.8361935473637176
1989,19,Algeria Morocco,0,0,0,1,8.0,0.0,,1.867756188878249
2008,20,Algeria Tunisia,3,0,0,1,12.0,0.0,40.6735894873255,0.0010411648798051
1999,22,Andean Community Brazil,6,0,0,1,19.0,0.995468277945619,56.0793642156613,0.0103700774369849
1996,23,Andean Community Trujillo Protocol,0,0,0,1,19.0,0.995073891625616,56.6801660871448,0.0433698679166145
2000,24,Andean Countries Argentina,6,0,0,1,18.0,0.982674982674983,56.0299613793001,0.0414739645502681
2004,25,Andean Countries MERCOSUR,7,0,0,1,20.0,0.997965169935077,57.0579116966029,0.0079515519529029
1969,26,Andean Group Cartagena Agreement,0,0,0,1,17.0,1.0,,0.1548083928653118
1987,27,Andean Group Quito Protocol,5,0,0,1,19.0,0.953051643192488,,1.063112769985547
1989,28,Andorra EC,1,1,0,0,20.0,,63.3769257500415,0.0231509048941961
1962,29,Arab Common Market,0,0,0,1,5.0,0.8,,1.9635950484604343
1989,30,Arab Maghreb Union,0,0,0,1,8.0,0.984126984126984,,1.867756188878249
1986,32,Argentina Brazil,0,0,0,1,18.0,0.994027622247107,,0.011051939237809
1988,33,Argentina Brazil,0,0,0,1,18.0,1.0,,0.0112276328152948
1990,34,Argentina Brazil,3,0,0,1,18.0,1.0,36.9288192230731,0.010919240118789
1991,35,Argentina Chile,1,0,0,1,18.0,0.951658767772512,40.1454963128965,0.148866033604531
1988,36,Argentina Colombia,1,0,0,1,18.0,0.564401294498382,,1.524476109604488
1999,39,Argentina Cuba,1,0,0,1,18.0,0.964200477326969,37.8295059614818,1.5585504732635636
1984,40,Argentina Ecuador,0,0,0,1,18.0,0.0,,1.6770555739385609
1993,41,Argentina Ecuador,1,0,0,1,19.0,0.407903123008286,47.2370965364438,1.5307627082191708
1986,43,Argentina Mexico,1,0,0,1,18.0,0.874172185430464,,0.029237125273156
1989,45,Argentina Paraguay,1,0,0,1,17.0,0.668110918544194,,1.1550833644850431
1988,46,Argentina Peru,1,0,0,1,18.0,0.0798557444616177,,1.677378314481862
2003,47,Argentina Uruguay,0,0,0,1,20.0,0.998410168563825,39.8926473052211,1.438181668361805
1986,48,Argentina Venezuela,1,0,0,1,19.0,0.768844221105528,,1.5818771492800552
1992,49,Argentina Venezuela,1,0,0,1,18.0,0.884615384615385,56.6827877003335,1.5473913009090394
2002,51,Armenia Estonia,4,0,0,1,19.0,0.0,58.5101305868496,2.1065959833431673
1995,52,Armenia Georgia,2,0,0,1,15.0,,50.4667352846972,0.9365898662263707
1995,53,Armenia Iran,1,0,0,1,13.0,,50.4667352846972,0.022177211425275
1999,54,Armenia Kazakhstan,6,0,0,1,15.0,0.0,50.3893446074577,0.1086279481613511
1994,55,Armenia Kyrgyzstan,3,0,0,1,17.0,,50.540157612015,1.2330420900339156
1993,56,Armenia Moldova,5,0,0,1,17.0,,45.187816308336,1.8928904505881623
1992,57,Armenia Russia,3,0,0,1,17.0,,44.3034342156068,0.0581144647059564
1995,59,Armenia Turkmenistan,2,0,0,1,13.0,,50.4667352846972,0.9365898662263707
1994,60,Armenia Ukraine,4,0,0,1,17.0,,50.540157612015,0.0400381584266802
1969,61,Arusha Agreement II,2,0,0,0,20.0,1.0,,0.0597487932339035
2005,62,Asia Pacific Trade Agreement (Bangkok Agreement amended),1,0,0,1,19.0,0.999923794359253,55.3929647926706,0.0055517308091501
1994,63,Association of Caribbean States,7,0,0,1,20.0,1.0,65.3657370144612,0.0316091861109518
1992,64,Association of Southeast Asian Nations (ASEAN) FTA,4,0,0,1,19.0,0.999346547593117,58.6080409185364,1.0989120253323472
1977,65,Association of Southeast Asian Nations (ASEAN) Preferential Trading Arrangements (PTA),1,0,0,1,14.0,1.0,,0.8604795113110577
2009,66,Association of Southeast Asian Nations Australia New Zealand FTA (AANZFTA),45,1,0,0,20.0,0.999317577760218,59.9850855174769,0.0001451393272574
2004,67,Association of Southeast Asian Nations China,3,0,0,1,19.0,0.999855858170774,59.9175855174769,0.0059157561260758
2007,68,Association of Southeast Asian Nations China Services,2,0,0,1,18.0,0.996206335671302,59.9850855174769,0.0603554065426215
2009,69,Association of Southeast Asian Nations Goods,8,0,0,1,18.0,0.990763462849352,59.9850855174769,
2009,70,Association of Southeast Asian Nations India,13,0,0,1,19.0,,59.9850855174769,0.0001451393272574
2008,71,Association of Southeast Asian Nations Japan,15,1,0,0,20.0,0.997831401614164,59.9850855174769,0.0600341294383627
2006,72,Association of Southeast Asian Nations Korea,12,0,0,1,18.0,1.0,59.9850855174769,0.065481851843637
2007,73,Association of Southeast Asian Nations Korea services,4,0,0,1,18.0,0.727069867651585,59.9850855174769,0.0603554065426215
1960,74,Australia Canada,0,0,1,0,20.0,,,0.2111334922404461
2008,75,Australia Chile,27,1,0,0,20.0,0.983329267300968,54.2060556606886,0.0108230865030578
1995,76,Association of Southeast Asian Nations Services,1,0,0,1,19.0,1.0,58.6080409185364,0.0175282538658123
1983,77,Australia New Zealand (ANZCERTA),2,0,1,0,20.0,1.0,,0.0924728279501155
1988,78,Australia New Zealand (ANZCERTA) Protocol on services,2,0,1,0,20.0,0.999584889995849,,0.0908891955026532
1965,79,Australia New Zealand Free Trade Agreement,2,0,1,0,20.0,1.0,,3.5835823463783156
1991,80,Australia Papua New Guinea,2,1,0,0,20.0,0.844106463878327,49.6652850166125,0.0909667471515448
1976,81,Australia Papua New Guinea ,2,1,0,0,20.0,1.0,,0.0965208768150814
2003,82,Australia Singapore,11,1,0,0,20.0,0.999980015854089,59.9175855174769,0.1316737115497113
2004,83,Australia Thailand,12,1,0,0,20.0,0.997209199682795,52.0055739023403,0.1182278801861434
2004,84,Australia US,73,0,1,0,20.0,,52.0055739023403,0.0441762339370532
1972,85,Austria EC,1,0,1,0,20.0,1.0,,0.0671560283645712
1996,86,Azerbaijan Georgia,3,0,0,1,15.0,,42.048235326724,1.673850507660625
1995,92,Azerbaijan Ukraine,2,0,0,1,17.0,,42.1194738627764,0.0398646394870853
2001,94,Bahrain Jordan,3,0,0,1,8.0,0.96355372890409,34.9436021546717,3.050893915155567
2004,96,Bahrain US,58,1,0,0,20.0,,49.207742901102,0.0441762339370532
1975,100,Bangkok Agreement,1,0,0,1,18.0,1.0,,0.0021432024751498
1999,109,Belarus Russia (Union State),7,0,0,1,13.0,0.0,50.4715864670799,0.0418326912484092
2009,112,Belarus Serbia,4,0,0,1,18.0,0.90190336749634,54.209951580429,0.0029548994047377
1992,114,Belarus Ukraine,3,0,0,1,17.0,,48.8663302995108,0.0552248777637157
2006,115,Belize Guatemala,7,0,0,1,18.0,0.9811888,52.5011795194746,
2006,116,Bhutan India,1,0,0,1,19.0,,58.6894717253097,0.0001252915599115
1972,117,Bhutan India,0,0,0,1,19.0,,,0.0020605521374775
1993,119,Bolivia Chile,15,0,0,1,19.0,0.78682842287695,40.9198380939056,0.1327754855361248
2000,121,Bolivia Cuba,3,0,0,1,19.0,,48.2025958231989,1.2447202896774232
1996,123,Bolivia MERCOSUR,11,0,0,1,20.0,0.940127388535032,44.6876732422188,0.0106431665618611
1994,124,Bolivia Mexico,31,0,0,1,19.0,0.0,38.8463860415078,0.0316091861109518
1994,125,Bolivia Paraguay,2,0,0,1,19.0,,38.8463860415078,1.2271957249588354
1991,126,Bolivia Uruguay,1,0,0,1,20.0,,38.4307024843276,1.1939010022365215
2003,128,Bosnia and Herzegovina Bulgaria,6,0,0,1,19.0,0.964180493099705,51.3032834321721,0.1251472481468922
2000,129,Bosnia and Herzegovina Croatia,8,0,0,1,18.0,,45.808648416802,2.8223091015280293
2008,130,Bosnia and Herzegovina EC SAA,30,1,0,0,20.0,0.999624859322246,67.615406271198,0.0013699111845207
2002,131,Bosnia and Herzegovina Macedonia,7,0,0,1,19.0,0.987094379562272,45.2083785300717,3.7819854852790233
2002,132,Bosnia and Herzegovina Moldova,7,0,0,1,18.0,0.0,30.74852671019,1.6370811805040006
2003,133,Bosnia and Herzegovina Romania,7,0,0,1,18.0,0.815116279069767,37.1596321382047,3.555974160134117
2002,134,Bosnia and Herzegovina Serbia Montenegro,8,0,0,1,0.0,,37.0316278677744,0.1307938101625859
2001,135,Bosnia and Herzegovina Slovenia,7,0,0,1,20.0,0.996104375860564,44.4333589876021,3.573398760611126
2002,136,Bosnia and Herzegovina Turkey,8,0,0,1,17.0,0.991145587794111,25.8102285296679,0.02271674242725
1989,138,Brazil Cuba,1,0,0,1,18.0,0.0,,0.0112501530429964
1999,139,Brazil Cuba,1,0,0,1,18.0,0.831615120274914,47.5296917744842,0.0103700774369849
2001,140,Brazil Guyana,1,0,0,1,18.0,0.657446124155677,51.1077060945154,0.0093924756703364
2002,141,Brazil Mexico ,5,0,0,1,18.0,0.998528173179852,51.7609698954234,0.0084593965833264
1993,142,Brazil Peru,2,0,0,1,18.0,0.976157082748948,40.5830994733322,0.0101955296036592
2005,143,Brazil Suriname,0,0,0,1,18.0,0.0,51.8450333124928,0.0076955811830175
1986,144,Brazil Uruguay,1,0,0,1,19.0,0.977443609022556,,0.011051939237809
2007,146,Brunei Japan,32,1,0,0,20.0,,55.9803930539815,0.0603554065426215
1995,147,Bulgaria Czech Republic,4,0,0,1,20.0,0.862745098039216,58.9322398795009,0.1003393091100097
1993,148,Bulgaria EC,49,1,0,0,20.0,1.0,63.3828229129775,0.0192534134539546
1993,149,Bulgaria EFTA,9,1,0,0,20.0,0.969557725445147,97.4921084132988,0.155560785731725
2001,150,Bulgaria Estonia,10,0,0,1,19.0,0.643417195063749,58.995432009065,0.1280884621704053
1974,151,Bulgaria Finland,2,1,0,0,20.0,0.971428571428571,,0.1731821174804638
2001,152,Bulgaria Israel,6,0,0,1,20.0,0.994530084535057,49.0559190191699,0.1280884621704053
2002,153,Bulgaria Latvia,7,0,0,1,19.0,0.880203342383733,53.6960837191292,1.2801580134375288
2001,154,Bulgaria Lithuania,9,0,0,1,20.0,0.903529538296355,49.9471134843422,0.1280884621704053
1999,155,Bulgaria Macedonia,8,0,0,1,18.0,,44.7137617747635,0.1209902022531149
2004,156,Bulgaria Moldova,8,0,0,1,19.0,0.971324184562656,51.8498766339332,1.6413445761956749
2003,157,Bulgaria Serbia,7,0,0,1,19.0,,51.3032834321721,0.1251472481468922
1995,158,Bulgaria Slovakia,4,0,0,1,18.0,0.979130434782609,59.0438404340818,0.1618691816406635
1996,159,Bulgaria Slovenia,4,0,0,1,20.0,0.0,42.9510773349017,0.1568319911098349
1998,160,Bulgaria Turkey,5,0,0,1,18.0,0.992606284658041,33.3965946690453,0.0296182467388316
1996,161,Canada Chile,76,1,0,0,20.0,0.934673366834171,42.6648517194042,0.0748132971215413
2008,162,Canada Colombia,90,1,0,0,20.0,0.993741607799638,51.4479910432356,
2001,163,Canada Costa Rica,48,1,0,0,20.0,0.998739769025531,52.104355550737,0.0707588993518409
2008,164,Canada EFTA,8,0,1,0,20.0,0.997457319288049,97.94710926624,
1996,165,Canada Israel,8,1,0,0,20.0,0.995755517826825,47.3419802415545,0.0748132971215413
2009,166,Canada Jordan,59,1,0,0,20.0,0.998963148572169,49.5263310842153,0.0041667965759558
1981,167,Canada New Zealand,2,0,1,0,20.0,1.0,,0.1411578595447721
2008,168,Canada Peru,88,1,0,0,20.0,0.959897187543417,51.6206241371822,
1988,169,Canada US,8,0,1,0,20.0,0.995842826351301,,0.0823546563377387
1965,170,Canada US Automotive Products Trade Agreement (APTA),2,0,1,0,20.0,0.983461962513782,,0.1253036050199437
1973,171,Caribbean Community (CARICOM),3,0,0,1,20.0,1.0,,2.9069635555649964
1994,172,Caribbean Community (CARICOM) Colombia,7,0,0,1,19.0,0.0,65.3657370144612,1.6223748112014698
2004,173,Caribbean Community (CARICOM) Costa Rica,10,0,0,1,20.0,0.956937799043062,65.3657370144612,1.561917345457518
2000,174,Caribbean Community (CARICOM) Cuba,8,0,0,1,20.0,,65.3657370144612,2.4883327419328816
1998,175,Caribbean Community (CARICOM) Dominican Republic,2,0,0,1,20.0,,65.3657370144612,2.492272989270321
1997,176,Caribbean Community (CARICOM) Protocol on Services,1,0,0,1,20.0,,65.3657370144612,2.4936305109676127
2001,177,Caribbean Community (CARICOM) revised ,52,0,0,1,20.0,1.0,65.3657370144612,2.485180581028129
1992,178,Caribbean Community (CARICOM) Venezuela,1,0,0,1,20.0,0.940639269406393,65.0946367674024,2.634004528670946
1965,179,Caribbean Free Trade Association (CARIFTA),3,0,0,1,12.0,,,
1968,180,Caribbean Free Trade Association (CARIFTA),1,0,0,1,20.0,1.0,,2.9001693741200043
2008,181,CARIFORUM EC EPA,84,1,0,0,20.0,0.999127932327549,77.1028552203436,0.0013699111845207
1964,182,Central African Customs and Economic Union (UDEAC),0,0,0,1,4.0,1.0,,0.5209982804222643
1999,183,Central America Chile,20,0,0,1,20.0,0.86527514231499,52.6537477031974,0.0835360049615494
1998,184,Central America Dominican Republic,24,0,0,1,20.0,,56.0434992540031,1.7945214673829613
2002,185,Central America Panama,28,0,0,1,20.0,0.999826252046625,52.7603799052106,1.6394976498377782
1960,186,Central American Common Market (CACM),0,0,0,1,9.0,,,1.1517564555904751
2004,187,Central American Free Trade Agreement (CAFTA),74,1,0,0,20.0,1.0,52.9863711427979,0.0441762339370532
2004,188,Central American Free Trade Agreement (CAFTA) Dominican Republic,90,1,0,0,20.0,0.99018295828975,57.582666564553,0.0441762339370532
1958,189,Central American Free Trade Area (CAFTA),0,0,0,1,20.0,,,1.1517564555904751
1991,190,Central American Integration System,4,0,0,1,20.0,,49.5166662844749,1.2290412357962792
1992,192,Central European Free Trade Agreement (CEFTA),4,0,0,1,20.0,1.0,62.5608880701685,0.0741793410800323
2006,193,Central European Free Trade Agreement (CEFTA),8,0,0,1,19.0,1.0,54.0666594119305,0.0038873000670858
2005,199,Chile China,30,0,0,1,19.0,0.986456197004418,49.6389390974517,0.0247524770124394
1993,200,Chile Colombia,1,0,0,1,19.0,0.820010875475802,43.6745075378417,0.1327754855361248
2006,201,Chile Colombia,52,0,0,1,20.0,0.995219388301767,50.7684807309789,
2002,202,Chile EC,35,1,0,0,20.0,1.0,67.0289011013368,0.0362628548551858
1994,203,Chile Ecuador,1,0,0,1,19.0,0.984146341463415,47.1603743569097,0.1216184764969333
2008,204,Chile Ecuador,11,0,0,1,20.0,0.993480254840229,50.0322178157146,
2003,205,Chile EFTA,14,1,0,0,20.0,0.956807204941691,97.94710926624,1.3151115609386197
2006,206,Chile India,7,0,0,1,20.0,,46.4782743040108,0.0001252915599115
2007,207,Chile Japan,14,1,0,0,20.0,0.995706789632692,55.9803930539815,0.0603554065426215
2003,208,Chile Korea,39,0,0,1,19.0,0.993917317961594,42.4690781578961,1.76244170676881
1996,209,Chile MERCOSUR,7,0,0,1,20.0,1.0,44.6876732422188,0.0106431665618611
2009,210,Chile MERCOSUR Protocol on Services,1,0,0,1,20.0,0.99975279914662,52.584270322509,
1991,211,Chile Mexico,3,0,0,1,18.0,0.647328244274809,40.1454963128965,0.0312287043559293
1998,212,Chile Mexico,34,0,0,1,18.0,0.95819209039548,41.2968851383418,0.0308081174605889
2006,213,Chile Panama,12,0,0,1,20.0,0.982616659702047,49.6036404371568,
1998,215,Chile Peru,9,0,0,1,18.0,0.991452991452991,41.2968851383418,0.042675619626967
2009,216,Chile Turkey,35,0,0,1,20.0,0.727811335091651,47.2061870130605,0.0041667965759558
1985,217,Chile Uruguay,1,0,0,1,19.0,0.0,,0.1681767496352679
2003,218,Chile US,75,1,0,0,20.0,,49.6672170383978,0.0458858917785745
1993,219,Chile Venezuela,1,0,0,1,18.0,0.987012987012987,56.7460121729823,0.1327754855361248
2003,220,China Hong Kong,4,0,0,1,3.0,0.999922815778778,93.950110236776,0.0200362078937701
2003,221,China Macao,3,0,0,1,3.0,0.999391717629056,49.4590488324371,0.0200362078937701
2008,222,China New Zealand,50,1,0,0,20.0,0.996466115654241,57.4062766263305,0.0001407287463351
2006,224,China Pakistan,12,0,0,1,5.0,0.9995569,50.3246314347296,0.0001252915599115
2009,225,China Pakistan Services,1,0,0,1,15.0,0.975827165761653,51.4816814025816,0.0001451393272574
2009,227,China Peru,45,0,0,1,19.0,0.68935376726298,51.9978287687503,0.0574601899421987
2008,228,China Singapore,13,0,0,1,8.0,,59.9850855174769,0.0600341294383627
1984,230,Colombia Costa Rica,0,0,0,1,20.0,0.0,,1.4574649308526977
2000,233,Colombia Cuba,4,0,0,1,17.0,0.351648351648352,45.8147778311771,1.5601612053446143
2008,234,Colombia EFTA,29,1,0,0,20.0,0.0,97.94710926624,
1984,235,Colombia El Salvador,1,0,0,1,18.0,0.0,,1.2325835893196635
1984,236,Colombia Guatemala,1,0,0,1,18.0,0.0,,1.4574649308526977
1984,237,Colombia Honduras,1,0,0,1,18.0,0.0,,1.4574649308526977
1984,238,Colombia Nicaragua,1,0,0,1,18.0,0.0,,1.4574649308526977
2007,239,Colombia Northern Triangle,24,0,0,1,18.0,0.984759671746776,51.0413266687148,
1993,240,Colombia Panama,1,0,0,1,19.0,0.938053097345133,49.7903692143287,1.6260777003296027
2006,241,Colombia US,78,1,0,0,20.0,,50.7684807309789,
2003,242,Common Economic Zone,0,0,0,1,16.0,1.0,51.6835806013657,0.0329969594442969
1993,243,Common Market for Eastern and Southern Africa (COMESA),62,0,0,1,20.0,,78.5567330644856,0.3183283246896014
1994,244,Commonwealth of Independent States (CIS),6,0,0,1,17.0,,50.540157612015,0.0400381584266802
1982,247,Costa Rica Mexico,1,0,0,1,20.0,0.857142857142857,,0.0290499057538189
1994,248,Costa Rica Mexico,37,0,0,1,20.0,1.0,52.5250633774715,0.0316091861109518
1961,249,Costa Rica Nicaragua Panama,0,0,0,1,20.0,,,0.0
1973,250,Costa Rica Panama,0,0,0,1,20.0,1.0,,2.099027568877543
1986,251,Costa Rica Venezuela,1,0,0,1,20.0,0.712387028176502,,1.799893963173799
2008,252,Cote d'Ivoire EC EPA,18,1,0,0,20.0,0.995793431376922,67.615406271198,0.0005661440210879
2000,253,Cotonou Agreement,48,1,0,0,20.0,1.0,77.0326406619198,0.0201213646390638
2001,254,Croatia EC,4,1,0,0,20.0,1.0,65.7829569865876,0.0183024916708663
2001,255,Croatia EFTA,7,1,0,0,20.0,0.0,97.94710926624,1.3969717419132357
2002,257,Croatia Lithuania,6,0,0,1,20.0,0.997600767754319,49.653786739307,2.557846332850986
1997,258,Croatia Macedonia,5,0,0,1,16.0,,44.4572895416154,2.975092025210019
1997,259,Croatia Macedonia (amended),5,0,0,1,19.0,0.996770089067241,45.8386937626557,2.832683261881069
2004,260,Croatia Moldova,5,0,0,1,18.0,0.408427876823339,47.3632486305132,1.6413445761956749
2002,261,Croatia Serbia Montenegro,4,0,0,1,18.0,,45.8386937626557,0.1307938101625859
1997,262,Croatia Slovenia,6,0,0,1,20.0,1.0,43.2914614302479,2.975092025210019
2002,263,Croatia Turkey,5,0,0,1,18.0,0.989382988680445,45.8386937626557,0.02271674242725
2000,265,Cuba Ecuador,3,0,0,1,16.0,0.0,49.2983612162639,2.0721180142718594
1999,266,Cuba Guatemala,1,0,0,1,18.0,,45.8033167791415,1.7496116406048423
2006,267,Cuba MERCOSUR,6,0,0,1,20.0,0.9995018,52.0422612363447,
1985,268,Cuba Mexico,1,0,0,1,7.0,0.0,,0.0279891424517774
2000,269,Cuba Mexico,3,0,0,1,18.0,,41.7979330526101,0.0283878353472166
2000,270,Cuba Paraguay,7,0,0,1,17.0,,41.7979330526101,1.2324995123620557
2000,273,Cuba Peru,3,0,0,1,15.0,0.0,42.5191690403401,0.0414739645502681
1999,275,Cuba Uruguay,3,0,0,1,20.0,,37.8295059614818,2.616892155634414
1999,277,Cuba Venezuela,3,0,0,1,17.0,0.0,56.0793642156613,2.504225267594044
1972,278,Cyprus EC,1,1,0,0,20.0,1.0,,0.0671560283645712
1992,279,Czech and Slovak Republic EFTA,5,1,0,0,20.0,0.99504132231405,97.4921084132988,0.138845667171639
1991,280,Czech Republic EC,18,1,0,0,20.0,1.0,63.3828229129775,0.0192534134539546
1996,282,Czech Republic Estonia,5,0,0,1,20.0,0.997711670480549,58.8606778329068,4.529465098412577
1996,283,Czech Republic Israel,4,0,0,1,20.0,0.390364422483014,58.8606778329068,4.205552320435716
1996,284,Czech Republic Latvia,5,0,0,1,20.0,0.0,58.8606778329068,3.1344517750915686
1995,285,Czech Republic Lithuania,4,0,0,1,20.0,0.993103448275862,58.9322398795009,0.1003393091100097
1994,286,Czech Republic Romania,0,0,0,1,20.0,0.815584415584416,58.9831880695638,0.1158286265862231
1992,287,Czech Republic Slovakia,3,0,0,1,20.0,,62.5608880701685,0.138845667171639
1993,288,Czech Republic Slovenia,4,0,0,1,20.0,0.975254730713246,59.054064188107,0.1286324244868457
1997,289,Czech Republic Turkey,5,0,0,1,20.0,0.953271028037383,58.8787390564008,0.0293791182669117
1974,290,Czechoslovakia Finland,2,1,0,0,20.0,,,0.19717038021194
2006,291,D8 PTA,6,0,0,1,18.0,0.9993713,53.2607391495475,0.0001252915599115
1985,292,Dominican Republic Panama,0,0,0,1,16.0,,,2.25218495592968
1957,293,EC,5,0,1,0,20.0,,,0.021032368014072
1997,300,EC Amsterdam,35,0,1,0,20.0,1.0,63.5150841729908,0.014594069884884
1977,302,EC Egypt,3,1,0,0,20.0,1.0,,0.0628891854968703
1972,303,EC Egypt Agreement,1,1,0,0,20.0,1.0,,0.0671560283645712
2001,304,EC Egypt Euro-Med Association Agreement,19,1,0,0,20.0,1.0,65.7829569865876,0.0183024916708663
1993,305,EC Estonia,2,1,0,0,20.0,0.995515695067265,63.5059601205045,0.0182063749940399
1995,306,EC Estonia Europe Agreement,51,1,0,0,20.0,0.9967585089141,63.581711209908,0.0170520996563034
1996,307,EC Faroe Islands,2,1,0,0,20.0,,63.3275943599665,0.0175224774049334
1991,308,EC Faroe Islands,2,0,1,0,20.0,,63.0509618943795,0.0249270563793557
1972,309,EC Finland,2,0,1,0,20.0,1.0,,0.0671560283645712
1975,310,EC Greece Additional Protocol,1,0,1,0,20.0,1.0,,0.0672899125928821
1961,311,EC Greece Association Agreement,1,0,1,0,20.0,,,0.0324729454215838
1991,312,EC Hungary,43,1,0,0,20.0,0.998294970161978,63.0509618943795,0.0249270563793557
1972,313,EC Iceland,2,0,1,0,20.0,1.0,,0.0671560283645712
1970,314,EC Israel,1,1,0,0,20.0,1.0,,0.0628078464038406
1975,315,EC Israel,2,1,0,0,20.0,1.0,,0.0672899125928821
1995,316,EC Israel Euro-Med Association Agreement,17,1,0,0,20.0,1.0,63.581711209908,0.0170520996563034
1977,317,EC Jordan,3,1,0,0,20.0,1.0,,0.0628891854968703
1997,318,EC Jordan Euro-Med Association Agreement,16,1,0,0,20.0,0.992337164750958,63.5150841729908,0.014594069884884
1994,319,EC Latvia,2,1,0,0,20.0,0.993227990970655,63.5059601205045,0.0182063749940399
1995,320,EC Latvia Europe Agreement,52,1,0,0,20.0,0.99830220713073,63.581711209908,0.0170520996563034
1972,321,EC Lebanon,1,1,0,0,20.0,1.0,,0.0671560283645712
1977,322,EC Lebanon,2,1,0,0,20.0,1.0,,0.0628891854968703
2002,323,EC Lebanon Euro-Med Association Agreement,24,1,0,0,20.0,0.999861167333833,67.0289011013368,0.0362628548551858
2007,324,EC Lisbon,17,0,1,0,20.0,1.0,67.7811032284254,0.0016269663918161
1994,325,EC Lithuania,2,1,0,0,20.0,0.97489539748954,63.5059601205045,0.0182063749940399
1995,326,EC Lithuania Europe Agreement,52,1,0,0,20.0,0.997647058823529,63.581711209908,0.0170520996563034
1992,327,EC Maastricht,31,0,1,0,20.0,1.0,63.0910259724111,0.0218831482014943
2001,328,EC Macedonia SAA,36,1,0,0,20.0,0.999621238206735,65.7829569865876,0.0183024916708663
1970,329,EC Malta,1,1,0,0,20.0,1.0,,0.0628078464038406
2000,330,EC Mexico,6,1,0,0,20.0,0.999047316608447,63.6305181078145,0.0201213646390638
2007,331,EC Montenegro SAA,35,1,0,0,20.0,0.0,67.7811032284254,0.0016269663918161
1976,332,EC Morocco,3,1,0,0,20.0,1.0,,0.0695140967256461
1969,333,EC Morocco Association Agreement,1,1,0,0,20.0,1.0,,0.0597487932339035
1996,334,EC Morocco Euro-Med Association Agreement,14,1,0,0,20.0,0.995475113122172,63.3275943599665,0.0175224774049334
2001,335,EC Nice,30,0,1,0,20.0,1.0,65.7829569865876,0.0183024916708663
1973,336,EC Norway,2,0,1,0,20.0,1.0,,0.0750787244230111
1991,337,EC Poland,37,1,0,0,20.0,1.0,63.0509618943795,0.0249270563793557
1972,338,EC Portugal,2,0,1,0,20.0,1.0,,0.0671560283645712
1976,339,EC Portugal Additional Protocol,0,0,1,0,20.0,1.0,,0.0695140967256461
1993,340,EC Romania,45,1,0,0,20.0,0.992,63.3828229129775,0.0192534134539546
1991,341,EC San Marino,7,0,1,0,20.0,,63.0509618943795,0.0249270563793557
2008,342,EC Serbia SAA,33,1,0,0,20.0,0.999764899494534,67.615406271198,0.0013699111845207
1986,343,EC Single European Act,24,0,1,0,20.0,1.0,,0.0232256238643611
1993,344,EC Slovakia,43,1,0,0,20.0,0.996829422954978,63.3828229129775,0.0192534134539546
1993,345,EC Slovenia,4,1,0,0,20.0,1.0,63.3828229129775,0.0192534134539546
1996,346,EC Slovenia Europe Agreement,49,1,0,0,20.0,1.0,63.3275943599665,0.0175224774049334
1999,347,EC South Africa,37,1,0,0,20.0,0.994594594594595,63.0434860151788,0.0203596529583326
1970,348,EC Spain,1,0,1,0,20.0,1.0,,0.0414764917218297
1972,349,EC Sweden,2,0,1,0,20.0,1.0,,0.0671560283645712
1972,350,EC Switzerland Liechtenstein,2,0,1,0,20.0,1.0,,0.0671560283645712
1977,351,EC Syria,3,1,0,0,20.0,1.0,,0.0628891854968703
1976,352,EC Tunisia,4,1,0,0,20.0,1.0,,0.0695140967256461
1969,353,EC Tunisia Association Agreement,1,1,0,0,20.0,1.0,,0.0597487932339035
1995,354,EC Tunisia Euro-Med Association Agreement,13,1,0,0,20.0,1.0,63.581711209908,0.0170520996563034
1995,355,EC Turkey,3,1,0,0,20.0,1.0,63.581711209908,0.0170520996563034
1970,356,EC Turkey Additional Protocol,2,1,0,0,20.0,1.0,,0.0628078464038406
1963,357,EC Turkey Association Agreement (Ankara Agreement),0,1,0,0,20.0,1.0,,0.0423848092143592
1973,358,EC Turkey Supplementary Protocol,0,1,0,0,20.0,1.0,,0.0750787244230111
1980,359,EC Yugoslavia,5,1,0,0,20.0,1.0,,0.0565167173167661
1994,360,Economic and Monetary Community of Central Africa (CEMAC),17,0,0,1,15.0,,52.552397164058,1.513638983595364
2008,361,Economic and Monetary Community of Central Africa (CEMAC) revised ,0,0,0,1,9.0,,56.1868666853276,0.0005661440210879
1983,363,Economic Community of Central African States (ECCAS-CEEAC),9,0,0,1,10.0,,,0.8460949829632232
1975,366,Economic Community Of West African States (ECOWAS),2,0,0,1,18.0,1.0,,0.478058963699468
1993,367,Economic Community Of West African States (ECOWAS),17,0,0,1,18.0,,49.9338634871813,0.3062100357825797
1991,370,Economic Cooperation Organization (ECO) Preferences,0,0,0,1,19.0,0.601129544652312,41.1221783619946,0.0218569906388225
2003,371,Economic Cooperation Organization Trade Agreement (ECOTA),5,0,0,1,17.0,1.0,47.25520174232,0.0198331869308988
1993,372,Ecuador Mexico,1,0,0,1,19.0,0.0,47.2370965364438,0.030208834385197
1994,373,Ecuador Paraguay,1,0,0,1,19.0,0.813333333333333,47.1603743569097,1.434403048836962
1994,374,Ecuador Uruguay,1,0,0,1,20.0,0.0,47.1603743569097,2.102269874209739
1960,375,EFTA,5,0,1,0,20.0,,,0.1015019358662578
2007,376,EFTA Egypt,15,1,0,0,20.0,0.0,97.94710926624,0.0010714047506905
1995,377,EFTA Estonia,11,1,0,0,20.0,0.90146750524109,97.5068142956517,1.6329427440755244
2009,379,EFTA GCC,14,1,0,0,20.0,0.0,97.94710926624,0.0041667965759558
1993,380,EFTA Hungary,11,1,0,0,20.0,0.995348837209302,97.4921084132988,1.6989084900975526
1992,382,EFTA Israel,5,1,0,0,20.0,1.0,97.4921084132988,1.8759443705905383
2001,383,EFTA Jordan,9,1,0,0,20.0,0.0,97.94710926624,1.3969717419132357
2005,384,EFTA Korea,20,1,0,0,20.0,0.979271954876308,97.94710926624,1.3412121533319563
1995,385,EFTA Latvia,14,1,0,0,20.0,0.552147239263804,97.5068142956517,1.6329427440755244
2004,386,EFTA Lebanon,8,1,0,0,20.0,0.0,97.94710926624,1.2728939510626769
1995,388,EFTA Lithuania,7,1,0,0,20.0,0.442922374429224,97.5068142956517,1.6329427440755244
2000,389,EFTA Macedonia,9,1,0,0,20.0,,97.6097554721223,1.3307466315245424
2000,390,EFTA Mexico,13,1,0,0,20.0,0.992712550607287,97.6097554721223,0.0283878353472166
1997,391,EFTA Morocco,14,1,0,0,20.0,0.93469387755102,97.5068142956517,1.5993539853309002
1992,392,EFTA Poland,10,1,0,0,20.0,1.0,97.4921084132988,0.0741793410800323
1992,393,EFTA Romania,5,1,0,0,20.0,0.988155668358714,97.4921084132988,1.8759443705905383
2009,394,EFTA Serbia,12,1,0,0,20.0,0.0001402765710976,97.94710926624,0.0029548994047377
2001,395,EFTA services,30,0,1,0,20.0,,97.94710926624,1.3969717419132357
2002,396,EFTA Singapore,15,1,0,0,20.0,0.0,97.94710926624,1.320544514216681
1995,398,EFTA Slovenia,11,1,0,0,20.0,0.988479262672811,97.5068142956517,1.6329427440755244
2006,399,EFTA Southern African Customs Union (SACU),17,1,0,0,20.0,,97.94710926624,0.0035862849860701
1979,400,EFTA Spain,2,0,1,0,20.0,1.0,,0.0636289902590572
2004,401,EFTA Tunisia,18,1,0,0,20.0,0.953364551927641,97.94710926624,1.2728939510626769
1991,402,EFTA Turkey,6,1,0,0,20.0,0.979695431472081,97.4921084132988,0.0291284125132461
1998,404,Egypt Jordan,2,0,0,1,8.0,,39.0709336618762,2.43842243139396
1996,405,Egypt Jordan,2,0,0,1,8.0,,38.1497713352205,2.334096429391365
1967,406,Egypt Jordan ,0,0,0,1,3.0,0.5,,1.9593744311770431
1998,410,Egypt Morocco,1,0,0,1,4.0,0.990936555891239,39.0709336618762,2.43842243139396
1998,412,Egypt PLO,0,0,0,1,4.0,,39.0709336618762,2.43842243139396
1991,413,Egypt Syria,0,0,0,1,4.0,,31.8246293555717,2.472834559180087
2005,415,Egypt Turkey,4,0,0,1,17.0,0.985106010162958,40.4514893089644,0.021669810092597
2007,416,El Salvador Honduras Taiwan,47,0,0,1,20.0,1.0,52.9000940036131,0.0603554065426215
1986,417,El Salvador Mexico,1,0,0,1,16.0,0.0,,0.029237125273156
1951,418,El Salvador Nicaragua Free Trade Area,0,0,0,1,4.0,,,0.7547271345283192
1986,419,El Salvador Panama,0,0,0,1,10.0,1.0,,0.0
1986,421,El Salvador Venezuela,1,0,0,1,19.0,0.0,,1.214125802300313
1959,422,Equatorial Customs Union,0,0,0,1,14.0,,,1.6113237765867612
1961,423,Equatorial Customs Union Cameroon Association,0,0,0,1,14.0,,,0.436960125169223
1997,424,Estonia Faroe Islands,4,1,1,0,16.0,,58.1432829947743,4.57208988761103
1992,425,Estonia Finland,2,1,0,0,20.0,,55.961673588805,3.4762065451679107
1998,426,Estonia Hungary,6,0,0,1,20.0,0.0,59.401105207575,4.073466186327533
1992,427,Estonia Norway,0,1,0,0,20.0,0.0,55.961673588805,2.2650857190325957
1996,428,Estonia Slovakia,4,0,0,1,17.0,0.0,59.0050562934592,3.7668917954818046
1996,429,Estonia Slovenia,6,0,0,1,20.0,0.0,56.9275404750288,4.066047198095735
1991,430,Estonia Sweden,0,1,0,0,20.0,,60.4844686889851,2.561296213856246
1992,431,Estonia Switzerland,4,1,0,0,20.0,0.0,55.961673588805,1.8759443705905383
1997,432,Estonia Turkey,2,0,0,1,17.0,0.0,58.1432829947743,0.0293791182669117
1995,433,Estonia Ukraine,4,0,0,1,17.0,,56.8146933016729,0.0398646394870853
1999,434,Eurasian Economic Community (EAEC),2,0,0,1,13.0,0.989010989010989,50.4715864670799,0.0418326912484092
1951,436,European Coal and Steel Community,0,0,1,0,20.0,,,0.0350709755435997
1992,437,European Economic Area (EEA),44,0,1,0,20.0,1.0,97.4921084132988,0.0218831482014943
1992,438,Faroe Islands Iceland,3,0,1,0,,,32.6684148987569,4.191469428339794
2005,439,Faroe Islands Iceland,2,1,0,0,,,37.5175591385587,4.860283782783994
1992,440,Faroe Islands Norway,4,0,1,0,20.0,,41.8701926378781,2.2650857190325957
1998,441,Faroe Islands Poland,3,1,0,0,19.0,,54.9801328135299,0.0493030293298437
1992,443,Faroe Islands Switzerland,4,0,1,0,20.0,,52.3721242051827,1.8759443705905383
1961,445,EFTA Finland,2,0,1,0,20.0,,,0.1024984693623966
1975,446,Finland German Democratic Republic,2,1,0,0,20.0,1.0,,0.0932934310108665
1974,447,Finland Hungary,2,1,0,0,20.0,1.0,,0.143505136992171
1992,448,Finland Latvia,4,1,0,0,20.0,0.723127035830619,48.0525081122213,3.3513217765413263
1992,449,Finland Lithuania,2,1,0,0,20.0,0.95169946332737,48.0525081122213,3.4762065451679107
1976,450,Finland Poland,5,1,0,0,20.0,1.0,,0.1028854194362157
1963,452,France Monaco,0,0,1,0,15.0,,,0.0497313892393198
1955,453,France Tunisia Customs Union Convention,2,1,0,0,20.0,,,0.0394082552075009
1997,454,Georgia Kazakhstan,3,0,0,1,15.0,0.0,32.4494315684317,0.0999610751367735
1994,455,Georgia Russia,4,0,0,1,14.0,,45.898139559319,0.0456340416478716
2007,456,Georgia Turkey,5,0,0,1,17.0,0.0,32.9728698183338,0.0040613904303468
1996,457,Georgia Turkmenistan,4,0,0,1,15.0,,30.4250375855221,1.673850507660625
1995,458,Georgia Ukraine,6,0,0,1,17.0,,36.2636716093814,0.0398646394870853
1961,460,Ghana Upper Volta Trade Agreement,0,0,0,1,3.0,,,0.8375323235553074
1988,461,Global System of Trade Preferences (GSTP),1,0,0,1,19.0,1.0,,0.0035172922309509
1997,462,Greater Arab Free Trade Agreement,2,0,0,1,10.0,1.0,51.2889925457922,0.0625335522738897
1994,464,Group of Three,37,0,0,1,19.0,0.997590361445783,56.7557311428773,0.0316091861109518
2004,465,Group of Three Auto Agreement,0,0,0,1,18.0,1.0,57.0579116966029,0.0198148976345356
2002,466,GUAM/GUUAM Organization for Democracy and Economic Development,7,0,0,1,18.0,1.0,42.1702534793943,0.0283682308408387
1985,467,Guatemala Mexico,1,0,0,1,7.0,0.0,,0.0311275640526082
2000,468,Guatemala Mexico,8,0,0,1,18.0,0.984081677461851,45.8033167791415,0.0290130089798227
1974,469,Guatemala Panama,0,0,0,1,7.0,0.666666666666667,,1.7297387174662449
2005,470,Guatemala Taiwan,45,0,0,1,20.0,,53.2521554158294,1.6895016032342447
1985,471,Guatemala Venezuela,1,0,0,1,19.0,0.0,,1.424701251732159
1981,473,Gulf Cooperation Council (GCC),0,0,0,1,2.0,1.0,,2.3038454085541415
2001,474,Gulf Cooperation Council (GCC),7,0,0,1,3.0,0.999257102956603,49.4278325969596,0.0640100769456561
2008,475,Gulf Cooperation Council (GCC) Singapore,10,0,0,1,8.0,0.0,59.9850855174769,0.0041504667736627
1990,476,Guyana Venezuela,2,0,0,1,19.0,0.0,56.4744234597403,2.7530489226551853
1985,477,Honduras Mexico,1,0,0,1,16.0,,,0.0311275640526082
1973,478,Honduras Panama,0,0,0,1,9.0,1.0,,1.4850254495912945
1986,480,Honduras Venezuela,1,0,0,1,19.0,0.0,,1.321275965322362
1997,481,Hungary Israel,4,0,0,1,20.0,0.991869918699187,48.8132536438593,4.180957085997564
1999,482,Hungary Latvia,7,0,0,1,20.0,0.0,53.2021722804358,2.575009706694449
1998,483,Hungary Lithuania,6,0,0,1,20.0,0.359281437125748,50.62044392875,3.3828998919779125
1994,487,Hungary Slovenia,5,0,0,1,20.0,1.0,44.6612014756393,4.289503357801949
1997,488,Hungary Turkey,1,0,0,1,20.0,0.97737556561086,48.8132536438593,0.0293791182669117
2009,489,India Korea,40,0,0,1,19.0,,47.2090982647943,0.0001451393272574
2004,490,India MERCOSUR,5,0,0,1,20.0,,51.5789843964962,0.0054316989805312
1991,491,India Nepal,2,0,0,1,18.0,0.595842956120092,38.0545145467993,0.0039162848424322
2009,492,India Nepal,1,0,0,1,19.0,,40.7565959894178,0.0001451393272574
2005,493,India Singapore,22,0,0,1,19.0,,59.9850855174769,0.0055517308091501
1998,494,India Sri Lanka,1,0,0,1,19.0,0.882882882882883,51.4344526507064,0.0048999250455688
2007,495,Indonesia Japan,28,1,0,0,20.0,,55.9803930539815,0.0603554065426215
1981,496,Inter-Arab Trade Agreement,0,0,0,1,10.0,1.0,,0.7908272994191435
2004,497,Iran Pakistan,5,0,0,1,5.0,0.965890545165277,40.7485493981562,0.0209776569206139
2006,498,Iran Syria,3,0,0,1,4.0,0.8961907,37.0789079621157,0.0039856692994527
1953,500,Iraq Jordan,0,0,0,1,9.0,,,1.214814296327175
1977,504,Iraq UAE,0,0,0,1,3.0,,,2.7977480855103547
1965,505,Ireland UK Free Trade Area,1,0,1,0,20.0,1.0,,0.1137431562655019
1995,506,Israel Jordan,2,0,0,1,19.0,0.0,46.7108508056645,3.1114737616981665
2007,508,Israel MERCOSUR,7,0,0,1,20.0,0.98844638621751,52.2485169353274,0.0040613904303468
2000,509,Israel Mexico,11,0,0,1,20.0,0.899598393574297,49.1844395286686,0.0283878353472166
1994,510,Israel PLO,37,0,0,1,19.0,,46.2053602492174,4.1671346234740145
1997,511,Israel Poland,5,0,0,1,19.0,0.235955056179775,54.8801241027832,0.0562169534715219
2001,512,Israel Romania,5,0,0,1,20.0,1.0,49.0559190191699,3.653062543934112
1996,513,Israel Slovakia,4,0,0,1,19.0,0.0,59.0050562934592,3.7668917954818046
1998,514,Israel Slovenia,5,0,0,1,20.0,0.148599269183922,48.5247407359545,4.160123188727348
1996,515,Israel Turkey,6,0,0,1,19.0,0.992125984251969,47.3419802415545,0.0291949177129933
1985,516,Israel US,3,1,0,0,20.0,0.999566536627655,,0.0863698600305831
2005,517,Japan Malaysia,28,1,0,0,20.0,1.0,55.4128210700191,2.0185232040675527
2004,518,Japan Mexico,31,1,0,0,20.0,0.999877635716255,55.2473281821448,0.0198148976345356
2006,519,Japan Philippines,24,1,0,0,20.0,0.9957488,56.0561970850124,0.065481851843637
2002,520,Japan Singapore,14,1,0,0,20.0,0.999209168275667,59.7662937046755,2.058514169733273
2009,521,Japan Switzerland,28,0,1,0,20.0,,63.0873952274913,0.0574601899421987
2007,522,Japan Thailand,34,1,0,0,20.0,0.994120653341599,55.9803930539815,0.0603554065426215
2008,523,Japan Vietnam,21,1,0,0,20.0,0.997329463574891,56.7098469641283,0.0600341294383627
2001,524,Jordan Kuwait,0,0,0,1,8.0,0.99497425079109,34.9436021546717,3.050893915155567
1986,525,Jordan Kuwait ,0,0,0,1,1.0,0.0,,3.263687517586056
1992,526,Jordan Lebanon,0,0,0,1,8.0,,27.6455915910363,2.7196498296845775
2002,527,Jordan Lebanon,2,0,0,1,8.0,0.993858932333502,36.5670896994282,3.1018289215345773
1992,528,Jordan Libya,0,0,0,1,8.0,,28.7540516692476,3.1456222342729245
1994,529,Jordan Morocco,1,0,0,1,8.0,0.0,33.3580403829568,2.5261976904537353
1998,530,Jordan Morocco,1,0,0,1,8.0,0.0,38.6772503108371,2.496296001608783
1995,531,Jordan PLO,0,0,0,1,8.0,,26.7691973745267,3.1114737616981665
1980,532,Jordan Qatar,0,0,0,1,0.0,0.0,,2.836014390892852
1962,533,Jordan Saudi Arabia,0,0,0,1,1.0,,,2.130895929136224
2004,534,Jordan Singapore,6,0,0,1,8.0,0.996025414854813,59.9175855174769,2.848223006706781
2003,535,Jordan Sudan,0,0,0,1,8.0,0.0,36.9351110080036,0.7263849647853531
1966,536,Jordan Sudan,0,0,0,1,17.0,0.0,,0.7464484404243295
2001,537,Jordan Syria,2,0,0,1,8.0,0.986759949800598,34.9436021546717,2.8636839156535268
1965,538,Jordan Syria,0,0,0,1,3.0,0.825668449197861,,1.7920167686496429
1975,539,Jordan Syria,0,0,0,1,1.0,0.979591836734694,,2.2286471021427903
1998,540,Jordan Tunisia,2,0,0,1,8.0,0.0,32.9398136499276,3.100738993227206
2009,541,Jordan Turkey,4,0,0,1,17.0,0.952069329951384,33.1027947323948,0.0041667965759558
2000,542,Jordan UAE,1,0,0,1,8.0,,32.9551825144029,3.1029391137239997
2000,543,Jordan US,30,1,0,0,20.0,0.0,49.6911664809581,0.0511867169297549
1995,544,Kazakhstan Kyrgyzstan,3,0,0,1,7.0,0.815144766146993,32.1515020412258,0.0926301477847037
1994,548,Kazakhstan Ukraine,5,0,0,1,17.0,,35.2950812309511,0.0400381584266802
2005,550,Korea Singapore,22,0,0,1,18.0,0.9997171145686,59.9850855174769,1.816752336342938
2007,551,Korea US,87,1,0,0,20.0,,49.6583313672456,0.0603554065426215
1972,554,Kuwait UAE,0,0,0,1,2.0,1.0,,4.191601300303007
1995,555,Kyrgyzstan Moldova,2,0,0,1,17.0,,31.9813656980323,1.4036199398725302
1992,556,Kyrgyzstan Russia,4,0,0,1,15.0,,44.3034342156068,0.0581144647059564
1995,558,Kyrgyzstan Ukraine,3,0,0,1,17.0,,36.2636716093814,0.0398646394870853
1996,559,Kyrgyzstan Uzbekistan,6,0,0,1,7.0,,35.1305421836288,1.6716890125731652
1991,560,Laos Thailand,0,0,0,1,9.0,0.835526315789474,46.5768483947274,2.076617142256517
1960,561,Latin American Free Trade Area (LAFTA),2,0,0,1,18.0,,,0.1441457291372088
1980,562,Latin American Integration Association (ALADI LAIA),2,0,0,1,19.0,1.0,,0.0127489619956646
1992,564,Latvia Norway,4,1,0,0,20.0,0.0,44.2315314826395,2.2650857190325957
1997,565,Latvia Poland,5,0,0,1,19.0,0.76410998552822,54.8801241027832,0.0562169534715219
1996,566,Latvia Slovakia,4,0,0,1,18.0,0.64797507788162,59.0050562934592,3.1344517750915686
1996,567,Latvia Slovenia,4,0,0,1,20.0,0.538258575197889,44.6052236125774,3.1344517750915686
1992,568,Latvia Sweden,4,1,0,0,20.0,0.991935483870968,44.2315314826395,2.5006569242629895
1992,569,Latvia Switzerland,4,1,0,0,20.0,0.0,52.3721242051827,1.8759443705905383
1998,570,Latvia Turkey,3,0,0,1,18.0,0.0,53.0361808073694,0.0296182467388316
1990,574,Libya Morocco,0,0,0,1,3.0,0.582441113490364,32.3895972018039,2.3988168716254097
1992,576,Lithuania Norway,6,1,0,0,20.0,0.0,44.4993654635837,2.2650857190325957
1996,577,Lithuania Poland,5,0,0,1,20.0,0.972533632286996,54.9133135838521,0.061987704745518
1996,578,Lithuania Slovakia,4,0,0,1,20.0,0.454175152749491,59.0050562934592,3.2250902157517585
1996,579,Lithuania Slovenia,6,0,0,1,20.0,0.0,49.922220918941,3.2250902157517585
1991,580,Lithuania Sweden,1,1,0,0,20.0,,42.3420284606425,2.561296213856246
1992,581,Lithuania Switzerland,4,1,0,0,20.0,0.0,52.3721242051827,1.8759443705905383
1997,582,Lithuania Turkey,2,0,0,1,20.0,0.0127728105736657,49.9940400468443,0.0293791182669117
2004,589,Macedonia Moldova,5,0,0,1,19.0,0.0,45.7688458254422,1.6413445761956749
2003,590,Macedonia Romania,9,0,0,1,19.0,0.817827298050139,45.6083397614823,3.555974160134117
1996,592,Macedonia Slovenia,5,0,0,1,20.0,,43.9728799901231,4.0012284329679
1999,593,Macedonia Turkey,3,0,0,1,17.0,,44.7137617747635,0.0279616512195344
2001,594,Macedonia Ukraine,4,0,0,1,16.0,0.917137468076668,44.956171582666,0.0267726396713065
2005,595,Malawi Mozambique,7,0,0,1,16.0,0.953202971529383,56.8405148134576,0.9064268262011564
2009,598,Malaysia New Zealand,62,1,0,0,20.0,0.0,57.2805642254708,0.0001451393272574
2007,599,Malaysia Pakistan,18,0,0,1,13.0,,53.2427494693862,0.0001367382039765
1973,600,Mano River Union,0,0,0,1,4.0,0.295264623955432,,
1986,601,Mauritania Morocco,0,0,0,1,3.0,0.0,,2.3541453545694107
2007,602,Mauritius Pakistan,6,0,0,1,20.0,,40.8530659465982,0.0001367382039765
1993,603,Melanesian Spearhead Group (MSG ),2,0,0,1,18.0,,42.6486641860075,
1991,604,MERCOSUR,3,0,0,1,20.0,0.995433789954338,37.1042906050948,0.0105388322330828
2002,605,MERCOSUR Mexico Auto Agreement,2,0,0,1,20.0,0.998528173179852,51.7609698954234,0.0084593965833264
2005,606,MERCOSUR Peru,10,0,0,1,20.0,0.995533812648633,51.8450333124928,0.0076955811830175
1997,607,MERCOSUR services,1,0,0,1,20.0,1.0,45.8214509012334,0.0105714233186042
2004,608,MERCOSUR Southern African Customs Union (SACU),5,0,0,1,20.0,,53.6879801385591,0.0079515519529029
1985,610,Mexico Nicaragua,1,0,0,1,9.0,,,0.0279891424517774
1997,611,Mexico Nicaragua,37,0,0,1,18.0,0.818461538461538,50.775676952915,0.0292344656251765
2000,612,Mexico Northern Triangle,44,0,0,1,18.0,1.0,49.2333455815,0.0283878353472166
1985,613,Mexico Panama,1,0,0,1,7.0,0.0,,0.0279891424517774
1986,615,Mexico Uruguay,1,0,0,1,19.0,0.0,,0.029237125273156
2004,616,Mexico Uruguay,21,0,0,1,20.0,0.991557459047719,41.6772880009713,0.0216687723262549
1994,617,Moldova Romania,4,0,0,1,17.0,0.978833247289623,35.0083229922084,3.426800747138486
2003,619,Moldova Serbia,5,0,0,1,18.0,,37.2164719096425,0.1311123665875877
2003,621,Moldova Ukraine,5,0,0,1,18.0,0.995544837151577,39.6741152811272,0.0329969594442969
2008,624,Montenegro Turkey,6,0,0,1,19.0,0.25620971829966,47.2745447265948,0.0034380927825535
1999,625,Morocco Tunisia,1,0,0,1,7.0,0.848130841121495,42.0733110582512,2.57710075464944
2004,626,Morocco Turkey,4,0,0,1,17.0,0.99498668316505,55.4158276000101,0.0196278943006687
2001,627,Morocco UAE,1,0,0,1,4.0,,54.818313699286,2.5264360322988204
2004,628,Morocco US,66,1,0,0,20.0,,55.4158276000101,0.0441762339370532
1992,630,Namibia Zimbabwe,0,0,0,1,16.0,,48.8435370135789,2.897019863569645
2000,631,New Zealand Singapore,16,1,0,0,20.0,0.997840172786177,58.8986466458519,2.867341714509572
2005,632,New Zealand Thailand,57,1,0,0,20.0,0.995510517903078,55.7934474880808,1.558632360545775
1973,633,Nicaragua Panama,0,0,0,1,3.0,1.0,,1.9022736957918691
2006,634,Nicaragua Taiwan,74,0,0,1,20.0,,53.173404836781,0.065481851843637
1986,635,Nicaragua Venezuela,1,0,0,1,19.0,0.0,,1.8358081178072152
1992,636,North American Free Trade Agreement (NAFTA),99,1,0,0,20.0,1.0,49.3131852166031,0.0305022391978687
2006,637,Oman US,75,1,0,0,20.0,,50.027643867864,0.0039856692994527
1981,638,Organisation of Eastern Caribbean States (OECS),2,0,0,1,,,,
2001,639,Pacific Island Countries Trade Agreement (PICTA ),4,0,0,1,15.0,0.0075671498821793,63.5490982269181,
2002,640,Pakistan Sri Lanka,2,0,0,1,16.0,0.729650945511623,51.7089838965857,1.9495660765063176
2006,641,Panama Singapore,23,0,0,1,19.0,0.9309623,59.9850855174769,
2003,642,Panama Taiwan,36,0,0,1,19.0,,53.0172272178279,2.3863828884328067
2007,643,Panama US,83,1,0,0,20.0,,50.5670245316029,
2008,644,Peru Singapore,19,0,0,1,19.0,0.0,59.9850855174769,
2006,645,Peru US,105,1,0,0,20.0,,50.1090485029873,
1999,646,Poland Turkey,5,0,0,1,19.0,0.989720998531571,55.3934643491399,0.0279616512195344
1971,647,Protocol on Trade Negotiations (PTN),0,0,0,1,19.0,1.0,,0.0019969302796317
2003,648,Romania Serbia,11,0,0,1,18.0,,37.2164719096425,0.1311123665875877
1994,649,Romania Slovakia,4,0,0,1,17.0,0.0,58.2607667950536,3.7101233679643046
1997,650,Romania Turkey,4,0,0,1,18.0,0.992445328031809,35.0957737414083,0.0293791182669117
1993,654,Russia Ukraine,4,0,0,1,15.0,,44.6768021768115,0.0508148189186872
1978,656,Saudi Arabia UAE,0,0,0,1,2.0,,,3.9989310578404935
2009,657,Serbia Turkey ,6,0,0,1,18.0,0.972572101236021,38.7261228703888,0.0029548994047377
2003,658,Singapore US,55,1,0,0,20.0,,59.9175855174769,0.0458858917785745
1993,659,Slovakia Slovenia,4,0,0,1,20.0,,56.8781755123333,4.127607954682405
1997,660,Slovakia Turkey,5,0,0,1,17.0,0.3960092095165,59.0797931729903,0.0293791182669117
1998,661,Slovenia Turkey,4,0,0,1,20.0,0.993464052287582,43.6975613122381,0.0296182467388316
1948,663,South Africa Southern Rhodesia Customs Union,0,0,0,1,14.0,,,2.6432161090816537
1964,664,South Africa Zimbabwe,0,0,0,1,14.0,,,0.0530283194572149
1993,666,"South Asian Association for Regional Cooperation, Preferential Trading Arrangement (SAPTA)",0,1,0,0,18.0,0.818276220145379,51.3971962086138,0.004092114301125
2004,667,South Asian Free Trade Area (SAFTA),2,0,0,1,19.0,0.986576121288692,58.8386741932704,0.0054316989805312
1980,668,South Pacific Trade and Economic Co Operation Agreement (SPARTECA ),1,0,0,1,20.0,1.0,,0.1044139747173599
1969,669,Southern Africa Customs Union (SACU),1,0,0,1,19.0,,,0.0
2002,670,Southern Africa Customs Union (SACU),7,0,0,1,19.0,,54.2407754211956,0.0483443178779019
1992,671,Southern African Development Community (SADC),2,0,0,1,17.0,,56.1414032489263,0.4868347135524782
1996,672,Southern African Development Community (SADC),4,0,0,1,20.0,0.996941896024465,55.8054038721024,0.058763716120676
2004,675,Syria Turkey,7,0,0,1,17.0,0.988115833944795,26.1144153806838,0.0196278943006687
2001,677,Tajikistan Ukraine,6,0,0,1,16.0,0.0,47.1346112538834,0.0267726396713065
2005,679,Trans Pacific Strategic EPA,53,1,0,0,20.0,1.0,59.9850855174769,0.0685367723991041
1960,680,Treaty of Economic Association,0,0,0,1,9.0,,,1.1517564555904751
1989,681,Trinidad and Tobago Venezuela,1,0,0,1,19.0,0.60620320855615,,2.7085581916672585
1967,682,Tripartite Agreement,0,0,0,1,19.0,1.0,,1.0463151509610569
2004,683,Tunisia Turkey,4,0,0,1,17.0,0.990358508339336,31.1884934187383,0.0196278943006687
1994,684,Turkmenistan Ukraine,4,0,0,1,17.0,,35.2950812309511,0.0400381584266802
1994,686,Ukraine Uzbekistan,7,0,0,1,17.0,,35.2950812309511,0.0400381584266802
2000,687,United States Vietnam,7,1,0,0,20.0,0.0,49.6911664809581,0.0511867169297549
1994,688,West African Economic and Monetary Union,3,0,0,1,18.0,,49.9338634871813,0.2968507969676465
1999,693,Andean Community Auto Agreement,4,0,0,1,19.0,0.999424294761082,56.0793642156613,1.552073862577628
1997,694,Andean Community Sucre Protocol,1,0,0,1,19.0,0.994949494949495,56.3915474561488,0.0406705420693001
1984,697,Argentina Uruguay,1,0,0,1,18.0,0.981069958847737,,1.6770555739385609
1974,698,Argentina Uruguay ,4,0,0,1,16.0,0.972602739726027,,1.9297423504436424
1982,699,Argentina Uruguay ,4,0,0,1,3.0,1.0,,1.7389603953255717
1968,700,Arusha Agreement I,1,0,0,0,20.0,1.0,,0.0570237514457473
1958,706,Benelux Economic Union,0,0,1,0,20.0,,,3.5844960843748668
1993,714,Central American Common Market (CACM) Protocol of Guatemala,7,0,0,1,20.0,,52.1033122822614,1.4340325981429465
1999,715,Chile Cuba,6,0,0,1,18.0,0.0,41.8001116892167,0.0835360049615494
2006,716,Chile Peru,19,0,0,1,20.0,0.999893469692127,50.1090485029873,
1992,732,Faroe Islands Finland,6,0,1,0,20.0,,48.0525081122213,3.4762065451679107
1997,742,Guinea Morocco,1,0,0,1,9.0,0.0,42.3783781127968,2.4759534221713357
1989,756,Jordan Sudan amended,1,0,0,1,6.0,,,0.6854609248265429
2006,764,Malawi Zimbabwe,7,0,0,1,16.0,0.9944156,56.8583957474851,0.0035862849860701
1987,767,Mexico Peru,1,0,0,1,17.0,0.0,,0.0305534601756499
1966,768,Morocco Saudi Arabia,0,0,0,1,1.0,0.0,,1.5255081453123875
1963,769,Morocco Senegal,0,0,0,1,7.0,1.0,,1.2832275986766477
2005,771,Peru Thailand,3,0,0,1,19.0,0.889714131837764,49.292556956117,0.0392924622708244
1981,772,PTA for Eastern and Southern African States,3,0,0,1,19.0,1.0,,0.1905951908094835
1973,780,West African Economic Community (CEAO),7,0,0,1,6.0,1.0,,1.392886038281773
2008,781,Paraguay Venezuela,0,0,0,1,18.0,0.0,54.2877102264465,
2008,782,Uruguay Venezuela,1,0,0,1,20.0,,54.2877102264465,
1954,783,Canada Portugal,2,0,1,0,20.0,,,0.1761229158119368
1954,784,Canada Spain,0,0,1,0,20.0,,,0.1761229158119368
1998,785,Latvia Ukraine Agriculture,0,0,0,1,18.0,,53.0361808073694,0.0292621718638886
1999,787,East African Community (EAC),55,0,0,1,9.0,,53.8700972853311,0.5615543150286003
1968,788,East Caribbean Common Market,1,0,0,1,,,,
2008,789,MERCOSUR Southern African Customs Union (SACU),5,0,0,1,20.0,0.996108078918439,53.6952944400354,0.0039590593803064
1991,790,El Salvador Guatemala,0,0,0,1,17.0,,42.8905789731295,1.2290412357962792
1982,792,Brazil Uruguay,1,0,0,1,7.0,0.995121951219512,,0.0108718407476267
1999,793,EC Switzerland Bilaterals I,26,0,1,0,20.0,1.0,63.0434860151788,0.0203596529583326
2012,795,Australia Malaysia,29,1,0,0,20.0,0.0,65.4288898376508,
2013,797,Canada Honduras,89,1,0,0,20.0,0.0,58.5178225861986,
2009,798,Canada Panama,95,1,0,0,20.0,0.991212653778559,52.2347060491795,
2012,799,Central America EC,132,1,0,0,20.0,0.997828619849592,81.4296514882157,
2010,800,Chile Malaysia,36,0,0,1,20.0,0.0,53.6993075000212,
2010,804,China Costa Rica,47,0,0,1,20.0,0.952380952380952,52.3459860082576,0.056278249886734
2013,805,Colombia Costa Rica,43,0,0,1,20.0,0.976485604878741,58.7087819437566,
2013,806,Colombia Israel,24,0,0,1,20.0,0.976485604878741,58.7087819437566,
2013,808,Colombia Korea,83,0,0,1,18.0,0.962987793769357,57.3958453060181,
2013,809,Colombia Panama,66,0,0,1,19.0,0.839616195823307,60.2431946167181,
2012,810,Colombia Peru EC,98,1,0,0,20.0,0.999043846469062,81.4296514882157,
2011,811,Commonwealth of Independent States (CIS),3,0,0,1,19.0,1.0,68.4112047717323,0.002853539909726
2011,813,Costa Rica Peru,34,0,0,1,20.0,0.994406943105111,61.4483281724441,
2010,814,Costa Rica Singapore,36,0,0,1,20.0,0.0,60.0350855174769,
2010,815,EC Korea,81,1,0,0,20.0,0.999338043996983,68.7511644563378,0.0010036881423092
2011,817,EFTA Hong Kong,54,1,0,0,20.0,0.902433148638882,97.94710926624,0.0555253782087624
2011,818,EFTA Montenegro,43,1,0,0,20.0,,97.94710926624,0.002853539909726
2010,819,EFTA Peru,28,1,0,0,20.0,0.631578947368421,97.94710926624,
2010,820,EFTA Ukraine,20,1,0,0,20.0,0.0,97.94710926624,
2011,823,Guatemala Peru,32,0,0,1,19.0,0.991660362011134,61.4483281724441,
2010,825,Hong Kong New Zealand,55,1,0,0,20.0,0.986800954147893,94.030371570776,0.0001471345836649
2011,826,India Japan,47,1,0,0,20.0,,65.9027440606936,0.0001474496237863
2011,827,India Malaysia,14,0,0,1,19.0,,61.4455203042252,0.0001474496237863
2011,829,Japan Peru,36,1,0,0,20.0,0.937065832780027,65.9027440606936,0.0555253782087624
2011,830,Korea Peru,73,0,0,1,19.0,0.906088087154668,61.4483281724441,0.0555253782087624
2012,831,Korea Turkey,54,0,0,1,19.0,0.981086782570743,55.2248062382785,
2011,832,Mauritius Turkey,6,0,0,1,20.0,0.769936485532816,42.4691084229345,0.0039240301086593
2011,833,Montenegro Ukraine,7,0,0,1,19.0,0.0,55.1848017141059,0.002853539909726
2013,834,New Zealand Taiwan,70,1,0,0,20.0,,67.6030484948628,
2012,836,Pacific Alliance,0,0,0,1,20.0,0.998149643541056,61.778981107348,
2011,837,Panama Peru,37,0,0,1,19.0,0.985746317117897,61.4483281724441,
2012,838,Peru Venezuela,7,0,0,1,19.0,0.0,61.778981107348,
2015,840,Australia China,21,1,0,0,20.0,0.974209972881731,63.1699781940393,
2014,842,Australia Japan,18,0,1,0,20.0,0.996105561065286,68.8903744842528,
2013,844,Bosnia and Herzogovina EFTA,42,1,0,0,20.0,,97.94710926624,
2016,848,Canada EC (CETA),106,0,1,0,20.0,0.999749561733033,81.7216622025014,
2014,852,Canada Korea,62,1,0,0,20.0,0.998564838815943,58.3065169848914,
2012,858,Chile Hong Kong,37,0,0,1,20.0,0.94379124932705,94.030371570776,
2013,862,China Switzerland,49,1,0,0,20.0,,79.1126555546553,
2013,864,Central America EFTA,74,0,0,1,20.0,0.0,97.94710926624,
2014,866,EC Georgia,101,1,0,0,20.0,0.997699386503067,81.7216622025014,
2014,872,EC Moldova,114,1,0,0,20.0,0.99897871003221,81.7216622025014,
2014,876,EC Ukraine,116,1,0,0,20.0,0.999278880242827,81.7216622025014,
1995,906,Armenia Cyprus,0,0,0,1,20.0,,50.3745094603253,0.8155717790816592
2014,911,Australia Korea,66,1,0,0,20.0,0.998806837224891,68.8903744842528,
